codigo,nome,cidade,estado,população,popAte9,popDe10a14,popDe15a19,popDe20a24,popDe25a34,popDe35a49,popDe50a59,popMaisDe60,domiciliosA1,domiciliosA2,domiciliosB1,domiciliosB2,domiciliosC1,domiciliosC2,domiciliosD,domiciliosE,rendaMedia,faturamento,potencial
3304557060,Abolição,Rio de Janeiro,RJ,11676.0,1027.0,483.0,688.0,800.0,1675.0,2300.0,1784.0,2919.0,0.0,145.0,715.0,1242.0,1093.0,758.0,92.0,304.0,2501.0,932515.0,Médio
3304557138,Acari,Rio de Janeiro,RJ,27564.0,5131.0,2188.0,2697.0,2630.0,4810.0,5308.0,2403.0,2397.0,0.0,0.0,82.0,506.0,2040.0,2490.0,827.0,2506.0,931.0,588833.0,Baixo
3304557057,Água Santa,Rio de Janeiro,RJ,9003.0,883.0,399.0,597.0,762.0,1755.0,2076.0,1112.0,1419.0,0.0,96.0,404.0,652.0,644.0,522.0,77.0,254.0,2391.0,874200.0,Baixo
3304557031,Alto Da Boa Vista,Rio de Janeiro,RJ,9606.0,1072.0,538.0,660.0,685.0,1317.0,2007.0,1341.0,1986.0,114.0,178.0,393.0,517.0,945.0,584.0,137.0,286.0,3727.0,912226.0,Médio
3304557125,Anchieta,Rio de Janeiro,RJ,57222.0,7677.0,3774.0,4892.0,4600.0,8660.0,12272.0,7157.0,8190.0,0.0,0.0,1089.0,2821.0,5110.0,5422.0,1073.0,3261.0,1380.0,553020.0,Médio
3304557034,Andaraí,Rio de Janeiro,RJ,40476.0,3528.0,1703.0,2564.0,2753.0,5993.0,8071.0,6022.0,9842.0,290.0,1245.0,3647.0,3321.0,3289.0,2419.0,304.0,1059.0,3443.0,1204467.0,Alto
3304557082,Anil,Rio de Janeiro,RJ,24855.0,2427.0,1227.0,1777.0,1804.0,3730.0,5573.0,3556.0,4761.0,355.0,759.0,1771.0,1863.0,1902.0,1155.0,326.0,424.0,3900.123042505593,1092081.0,Baixo
3304557115,Bancários,Rio de Janeiro,RJ,12864.0,1532.0,670.0,963.0,1076.0,2083.0,2829.0,1598.0,2113.0,0.0,82.0,491.0,750.0,1313.0,1177.0,172.0,352.0,1962.0,808554.0,Baixo
3304557099,Bangu,Rio de Janeiro,RJ,249987.0,32651.0,15949.0,20926.0,20146.0,37750.0,53090.0,31246.0,38229.0,0.0,496.0,5246.0,13274.0,24363.0,22447.0,4564.0,11109.0,1550.0,35465.0,Alto
3304557131,Barra Da Tijuca,Rio de Janeiro,RJ,139761.0,13038.0,5225.0,7432.0,8627.0,21914.0,32089.0,21058.0,30378.0,13408.0,11668.0,14820.0,5205.0,3437.0,1841.0,0.0,3897.0,18084.0,2915612.0,Alto
3304557143,Barra De Guaratiba,Rio de Janeiro,RJ,3678.0,384.0,205.0,306.0,297.0,520.0,824.0,501.0,641.0,0.0,0.0,92.0,220.0,360.0,225.0,76.0,270.0,1479.0,846531.0,Baixo
3304557139,Barros Filho,Rio de Janeiro,RJ,14446.0,2013.0,966.0,1283.0,1109.0,2137.0,3210.0,1726.0,2002.0,0.0,0.0,57.0,310.0,1243.0,1181.0,368.0,1711.0,895.0,746904.0,Baixo
3304557028,Benfica,Rio de Janeiro,RJ,25789.0,3340.0,1524.0,1848.0,2213.0,4614.0,5612.0,2905.0,3733.0,0.0,0.0,250.0,1250.0,2460.0,2430.0,414.0,1447.0,1294.0,662520.0,Baixo
3304557079,Bento Ribeiro,Rio de Janeiro,RJ,44941.0,4477.0,2275.0,3191.0,3198.0,6325.0,9378.0,6333.0,9764.0,0.0,353.0,1897.0,3213.0,4450.0,3726.0,521.0,1630.0,2048.0,856901.0,Alto
3304557037,Bonsucesso,Rio de Janeiro,RJ,19237.0,1795.0,854.0,1292.0,1347.0,2814.0,3917.0,2698.0,4520.0,0.0,0.0,957.0,1413.0,2519.0,1318.0,187.0,692.0,1944.0,851362.0,Médio
3304557014,Botafogo,Rio de Janeiro,RJ,85229.0,6278.0,2608.0,4410.0,5911.0,14697.0,18262.0,12026.0,21037.0,3669.0,5165.0,11669.0,6106.0,5289.0,3009.0,371.0,1853.0,8316.0,2211985.0,Alto
3304557042,Brás De Pina,Rio de Janeiro,RJ,60893.0,6812.0,3350.0,4778.0,4801.0,9037.0,12955.0,7746.0,11414.0,0.0,494.0,1716.0,3817.0,6026.0,4216.0,610.0,3385.0,1874.0,755073.0,Alto
3304557055,Cachambi,Rio de Janeiro,RJ,43591.0,3815.0,1905.0,2580.0,2874.0,6564.0,9626.0,6261.0,9966.0,146.0,690.0,3812.0,3957.0,3659.0,1882.0,233.0,1575.0,2963.0,1182272.0,Alto
3304557111,Cacuia,Rio de Janeiro,RJ,11325.0,1256.0,588.0,817.0,811.0,1775.0,2533.0,1456.0,2089.0,0.0,71.0,473.0,903.0,1161.0,712.0,120.0,558.0,2022.0,852714.0,Baixo
3304557004,Caju,Rio de Janeiro,RJ,21055.0,3368.0,1441.0,1771.0,2131.0,3565.0,4362.0,1927.0,2490.0,0.0,0.0,115.0,548.0,1956.0,2022.0,424.0,1810.0,1037.0,635348.0,Baixo
3304557132,Camorim,Rio de Janeiro,RJ,2025.0,282.0,120.0,155.0,175.0,460.0,452.0,207.0,174.0,4.0,52.0,144.0,104.0,132.0,132.0,35.0,92.0,2929.0,876113.0,Baixo
3304557068,Campinho,Rio de Janeiro,RJ,10441.0,1180.0,559.0,743.0,717.0,1608.0,2227.0,1294.0,2113.0,0.0,111.0,652.0,749.0,958.0,681.0,106.0,419.0,2377.0,878140.0,Baixo
3304557094,Campo Dos Afonsos,Rio de Janeiro,RJ,1403.0,208.0,125.0,166.0,103.0,125.0,570.0,72.0,34.0,0.0,114.0,168.0,88.0,24.0,3.0,0.0,2.0,5876.0,935061.0,Médio
3304557102,Campo Grande,Rio de Janeiro,RJ,667603.0,122578.0,55935.0,62342.0,60567.0,86116.0,105316.0,83341.0,91408.0,0.0,1389.0,11747.0,21237.0,33111.0,25779.0,4956.0,12944.0,1856.0,69645.0,Alto
3304557072,Cascadura,Rio de Janeiro,RJ,35428.0,4212.0,1958.0,2634.0,2594.0,5242.0,7111.0,4647.0,7030.0,0.0,65.0,1367.0,2356.0,3513.0,3015.0,513.0,1278.0,1796.0,796395.0,Médio
3304557012,Catete,Rio de Janeiro,RJ,24737.0,1926.0,858.0,1295.0,1659.0,4173.0,5182.0,3284.0,6360.0,345.0,845.0,2599.0,2474.0,2581.0,1265.0,162.0,771.0,4283.0,1073403.0,Alto
3304557005,Catumbi,Rio de Janeiro,RJ,12910.0,1773.0,805.0,1018.0,999.0,1985.0,2526.0,1516.0,2288.0,0.0,18.0,261.0,640.0,1281.0,1140.0,229.0,703.0,3900.123042505593,791170.0,Baixo
3304557070,Cavalcanti,Rio de Janeiro,RJ,16597.0,2079.0,1011.0,1299.0,1273.0,2411.0,3502.0,1998.0,3024.0,0.0,0.0,335.0,988.0,1755.0,1384.0,329.0,794.0,1499.0,774667.0,Baixo
3304557001,Centro,Rio de Janeiro,RJ,42277.0,2685.0,1274.0,2031.0,2895.0,7217.0,9362.0,6334.0,10479.0,0.0,343.0,3014.0,5061.0,6387.0,3628.0,693.0,1684.0,2186.0,825608.0,Alto
3304557084,Cidade De Deus,Rio de Janeiro,RJ,37544.0,5893.0,2710.0,3486.0,3170.0,5628.0,8115.0,3712.0,4830.0,0.0,0.0,304.0,1607.0,3368.0,4180.0,732.0,1887.0,1244.0,488021.0,Baixo
3304557007,Cidade Nova,Rio de Janeiro,RJ,5621.0,664.0,303.0,411.0,421.0,961.0,1143.0,728.0,990.0,0.0,18.0,203.0,381.0,674.0,477.0,72.0,221.0,1809.0,837355.0,Baixo
3304557123,Cidade Universitária,Rio de Janeiro,RJ,1442.0,181.0,112.0,143.0,124.0,202.0,374.0,151.0,155.0,0.0,3.0,45.0,146.0,159.0,64.0,8.0,23.0,1934.0,855182.0,Baixo
3304557114,Cocotá,Rio de Janeiro,RJ,5012.0,382.0,218.0,282.0,345.0,759.0,1042.0,769.0,1215.0,0.0,113.0,374.0,447.0,467.0,257.0,27.0,124.0,2927.0,912281.0,Baixo
3304557137,Coelho Neto,Rio de Janeiro,RJ,33338.0,3923.0,1966.0,2517.0,2280.0,4796.0,7294.0,4280.0,6282.0,0.0,0.0,488.0,2295.0,3573.0,2820.0,470.0,2044.0,1425.0,702967.0,Baixo
3304557067,Colégio,Rio de Janeiro,RJ,30071.0,4181.0,1904.0,2330.0,2467.0,4745.0,6445.0,3647.0,4352.0,0.0,0.0,248.0,1379.0,2845.0,3259.0,562.0,1738.0,1221.0,621314.0,Baixo
3304557157,Complexo Do Alemão,Rio de Janeiro,RJ,71095.0,11784.0,5186.0,6566.0,6735.0,12449.0,14892.0,6445.0,7038.0,0.0,0.0,288.0,1894.0,5421.0,7929.0,1768.0,5013.0,1010.0,88790.0,Médio
3304557018,Copacabana,Rio de Janeiro,RJ,150524.0,8562.0,3727.0,6383.0,9168.0,21814.0,27567.0,21858.0,51445.0,5740.0,9218.0,19350.0,13160.0,10982.0,5482.0,998.0,5122.0,7381.0,2384494.0,Alto
3304557043,Cordovil,Rio de Janeiro,RJ,46478.0,5729.0,2893.0,3768.0,3850.0,7146.0,9369.0,5598.0,8125.0,0.0,0.0,1047.0,2433.0,4599.0,4053.0,723.0,2601.0,1480.0,645088.0,Médio
3304557013,Cosme Velho,Rio de Janeiro,RJ,7380.0,837.0,401.0,525.0,563.0,1073.0,1511.0,1034.0,1436.0,291.0,334.0,526.0,287.0,361.0,438.0,75.0,187.0,8425.0,1041359.0,Médio
3304557105,Cosmos,Rio de Janeiro,RJ,79116.0,11524.0,5711.0,7144.0,6478.0,12238.0,17705.0,8477.0,9839.0,0.0,0.0,1032.0,3321.0,7860.0,7050.0,1914.0,4347.0,1308.0,219983.0,Médio
3304557140,Costa Barros,Rio de Janeiro,RJ,29244.0,5092.0,2300.0,2869.0,2493.0,4594.0,5959.0,2937.0,3000.0,0.0,0.0,123.0,631.0,2252.0,2624.0,632.0,2940.0,925.0,607957.0,Baixo
3304557085,Curicica,Rio de Janeiro,RJ,32069.0,3979.0,1912.0,2679.0,2492.0,5034.0,7247.0,3936.0,4790.0,0.0,117.0,1009.0,2342.0,3345.0,2339.0,511.0,1041.0,1892.0,748387.0,Médio
3304557148,Del Castilho,Rio de Janeiro,RJ,16051.0,1740.0,831.0,1140.0,1182.0,2496.0,3231.0,2052.0,3379.0,0.0,80.0,588.0,1118.0,1481.0,1243.0,166.0,828.0,1889.0,846146.0,Baixo
3304557092,Deodoro,Rio de Janeiro,RJ,11148.0,1512.0,818.0,956.0,831.0,1594.0,2339.0,1391.0,1707.0,0.0,11.0,203.0,511.0,916.0,962.0,177.0,712.0,1416.0,808624.0,Baixo
3304557058,Encantado,Rio de Janeiro,RJ,15445.0,1463.0,756.0,1053.0,1177.0,2272.0,3206.0,2197.0,3321.0,0.0,169.0,797.0,1483.0,1418.0,949.0,167.0,550.0,2342.0,916012.0,Médio
3304557071,Engenheiro Leal,Rio de Janeiro,RJ,6287.0,775.0,379.0,537.0,530.0,997.0,1341.0,782.0,946.0,0.0,0.0,121.0,343.0,627.0,603.0,89.0,216.0,1517.0,818442.0,Baixo
3304557150,Engenho Da Rainha,Rio de Janeiro,RJ,27411.0,3235.0,1634.0,2037.0,1879.0,4404.0,5649.0,3510.0,5063.0,0.0,0.0,839.0,1908.0,2747.0,1885.0,356.0,1746.0,1620.0,805559.0,Médio
3304557056,Engenho De Dentro,Rio de Janeiro,RJ,46584.0,4626.0,2233.0,3107.0,3259.0,6866.0,9607.0,6492.0,10394.0,0.0,572.0,2451.0,3272.0,4174.0,4040.0,384.0,1815.0,2260.0,903559.0,Alto
3304557051,Engenho Novo,Rio de Janeiro,RJ,43362.0,4830.0,2351.0,3163.0,3232.0,6691.0,9332.0,5771.0,7992.0,0.0,549.0,2376.0,3059.0,3959.0,2559.0,498.0,2109.0,2325.0,932007.0,Alto
3304557008,Estácio,Rio de Janeiro,RJ,17675.0,2246.0,980.0,1367.0,1462.0,2861.0,3712.0,2023.0,3024.0,0.0,50.0,538.0,907.0,1760.0,1584.0,310.0,949.0,1631.0,764380.0,Baixo
3304557009,Flamengo,Rio de Janeiro,RJ,51456.0,2612.0,1241.0,2044.0,3049.0,8071.0,9582.0,7426.0,17431.0,3253.0,3648.0,7334.0,4041.0,3677.0,1434.0,184.0,986.0,10619.0,1981817.0,Alto
3304557116,Freguesia (Ilha Do Governador),Rio de Janeiro,RJ,19984.0,2311.0,1124.0,1497.0,1642.0,3320.0,4447.0,2419.0,3224.0,0.0,200.0,931.0,1243.0,1864.0,1815.0,304.0,623.0,2125.0,796321.0,Médio
3304557086,Freguesia (Jacarepaguá),Rio de Janeiro,RJ,72501.0,7991.0,3709.0,5257.0,5159.0,10923.0,16875.0,9607.0,12980.0,698.0,2569.0,6042.0,4941.0,5055.0,3919.0,704.0,1670.0,3900.123042505593,1297388.0,Médio
3304557122,Galeão,Rio de Janeiro,RJ,23620.0,3638.0,1724.0,2411.0,1922.0,3839.0,5685.0,2268.0,2133.0,0.0,85.0,767.0,1083.0,2007.0,2005.0,348.0,979.0,1740.0,684686.0,Médio
3304557002,Gamboa,Rio de Janeiro,RJ,13480.0,1905.0,933.0,1140.0,1233.0,2195.0,2879.0,1491.0,1704.0,0.0,0.0,91.0,480.0,1334.0,1253.0,240.0,1025.0,1133.0,736698.0,Baixo
3304557083,Gardênia Azul,Rio de Janeiro,RJ,18215.0,2493.0,1176.0,1521.0,1667.0,3465.0,4188.0,1868.0,1837.0,32.0,66.0,286.0,788.0,2065.0,2199.0,414.0,540.0,1837.0,641865.0,Baixo
3304557023,Gávea,Rio de Janeiro,RJ,16455.0,1210.0,546.0,869.0,1162.0,2518.0,3307.0,2575.0,4268.0,1343.0,1173.0,1766.0,979.0,776.0,457.0,0.0,311.0,16449.0,1430429.0,Alto
3304557160,Gericinó,Rio de Janeiro,RJ,15596.0,455.0,201.0,889.0,3722.0,5714.0,3598.0,665.0,352.0,0.0,0.0,26.0,104.0,204.0,279.0,67.0,149.0,1225.0,757466.0,Baixo
3304557010,Glória,Rio de Janeiro,RJ,9935.0,495.0,254.0,419.0,634.0,1650.0,2046.0,1583.0,2854.0,95.0,326.0,1295.0,1221.0,1218.0,427.0,39.0,187.0,4011.0,1004569.0,Médio
3304557035,Grajaú,Rio de Janeiro,RJ,39762.0,3570.0,1607.0,2310.0,2629.0,5733.0,8312.0,5731.0,9870.0,737.0,1516.0,4647.0,2968.0,2333.0,1740.0,259.0,865.0,6194.0,1409134.0,Alto
3304557136,Grumari,Rio de Janeiro,RJ,173.0,33.0,13.0,22.0,17.0,28.0,38.0,10.0,12.0,0.0,0.0,0.0,0.0,5.0,17.0,8.0,16.0,654.0,835491.0,Baixo
3304557124,Guadalupe,Rio de Janeiro,RJ,48475.0,5665.0,2777.0,3497.0,3435.0,7196.0,10091.0,6361.0,9453.0,0.0,115.0,1257.0,2835.0,4290.0,3527.0,749.0,3968.0,1483.0,779768.0,Médio
3304557142,Guaratiba,Rio de Janeiro,RJ,112994.0,18088.0,8474.0,10307.0,9069.0,18732.0,25269.0,10811.0,12244.0,0.0,0.0,1429.0,4066.0,9306.0,11066.0,2289.0,7258.0,1237.0,69304.0,Médio
3304557145,Higienópolis,Rio de Janeiro,RJ,16177.0,1516.0,748.0,1016.0,1174.0,2488.0,3497.0,2327.0,3411.0,0.0,141.0,857.0,1464.0,1740.0,1030.0,87.0,432.0,2336.0,897049.0,Médio
3304557077,Honório Gurgel,Rio de Janeiro,RJ,22609.0,2916.0,1390.0,1809.0,1664.0,3327.0,4721.0,2767.0,4015.0,0.0,0.0,387.0,1378.0,2120.0,2394.0,427.0,1044.0,1403.0,722087.0,Baixo
3304557016,Humaitá,Rio de Janeiro,RJ,13660.0,911.0,349.0,571.0,787.0,2256.0,2922.0,2237.0,3627.0,799.0,1139.0,2136.0,921.0,564.0,313.0,85.0,204.0,9504.0,1289705.0,Alto
3304557149,Inhaúma,Rio de Janeiro,RJ,46989.0,6423.0,2857.0,3532.0,3436.0,7242.0,9478.0,5728.0,8293.0,0.0,0.0,935.0,2417.0,4077.0,3771.0,849.0,3908.0,1329.0,688001.0,Médio
3304557104,Inhoaíba,Rio de Janeiro,RJ,66391.0,10030.0,4960.0,6307.0,5418.0,10477.0,14243.0,7205.0,7751.0,0.0,0.0,597.0,3086.0,5360.0,6701.0,1278.0,4041.0,1227.0,346884.0,Médio
3304557019,Ipanema,Rio de Janeiro,RJ,43948.0,3061.0,1311.0,1957.0,2395.0,5854.0,8665.0,6344.0,14361.0,4213.0,3432.0,4478.0,2323.0,2141.0,1369.0,117.0,1460.0,17188.0,1962438.0,Alto
3304557066,Irajá,Rio de Janeiro,RJ,99102.0,9633.0,4743.0,6564.0,6855.0,14400.0,20477.0,14384.0,22046.0,0.0,636.0,4874.0,8325.0,10129.0,6948.0,1222.0,3103.0,2140.0,1030856.0,Alto
3304557130,Itanhangá,Rio de Janeiro,RJ,39500.0,6110.0,2450.0,3224.0,3863.0,8203.0,9317.0,3403.0,2930.0,429.0,342.0,971.0,2016.0,4488.0,3625.0,716.0,972.0,4313.0,493011.0,Alto
3304557146,Jacaré,Rio de Janeiro,RJ,9538.0,1326.0,629.0,763.0,712.0,1547.0,1921.0,1108.0,1532.0,0.0,15.0,161.0,492.0,633.0,792.0,197.0,540.0,3900.123042505593,822849.0,Baixo
3304557081,Jacarepaguá,Rio de Janeiro,RJ,161748.0,24961.0,10376.0,13874.0,16321.0,32572.0,35693.0,14500.0,13451.0,422.0,1244.0,3405.0,7984.0,17034.0,15909.0,3178.0,6837.0,2160.0,94671.0,Alto
3304557155,Jacarezinho,Rio de Janeiro,RJ,38908.0,5861.0,2687.0,3451.0,3777.0,6790.0,8163.0,3992.0,4187.0,0.0,0.0,246.0,1113.0,2656.0,3974.0,795.0,3254.0,1023.0,527702.0,Baixo
3304557046,Jardim América,Rio de Janeiro,RJ,25937.0,2647.0,1374.0,1993.0,2311.0,3881.0,5665.0,3468.0,4598.0,0.0,0.0,754.0,1511.0,2494.0,1943.0,433.0,1488.0,1574.0,795412.0,Baixo
3304557022,Jardim Botânico,Rio de Janeiro,RJ,18517.0,1602.0,664.0,945.0,1008.0,2788.0,4135.0,2822.0,4553.0,1641.0,1273.0,1913.0,1108.0,815.0,361.0,0.0,289.0,17984.0,1491476.0,Alto
3304557118,Jardim Carioca,Rio de Janeiro,RJ,25549.0,3007.0,1320.0,1827.0,1992.0,4168.0,5526.0,3316.0,4393.0,0.0,83.0,1325.0,1481.0,2649.0,2172.0,377.0,875.0,1943.0,795430.0,Médio
3304557117,Jardim Guanabara,Rio de Janeiro,RJ,33122.0,2706.0,1327.0,1912.0,2154.0,4899.0,7302.0,4921.0,7901.0,809.0,1824.0,4160.0,2202.0,1529.0,798.0,265.0,393.0,6499.0,1448872.0,Alto
3304557095,Jardim Sulacap,Rio de Janeiro,RJ,13431.0,1379.0,713.0,929.0,847.0,2044.0,3325.0,1837.0,2357.0,0.0,265.0,1278.0,1163.0,983.0,575.0,78.0,313.0,3039.0,959473.0,Médio
3304557129,Joá,Rio de Janeiro,RJ,842.0,61.0,29.0,35.0,46.0,131.0,192.0,132.0,216.0,79.0,59.0,57.0,33.0,7.0,8.0,0.0,20.0,17659.0,1162364.0,Médio
3304557021,Lagoa,Rio de Janeiro,RJ,21795.0,1794.0,708.0,1054.0,1252.0,2943.0,4812.0,3594.0,5638.0,2916.0,2140.0,1931.0,697.0,365.0,306.0,0.0,469.0,63887.0,1775547.0,Alto
3304557011,Laranjeiras,Rio de Janeiro,RJ,46839.0,3463.0,1529.0,2340.0,2814.0,7145.0,9917.0,6877.0,12754.0,2423.0,3297.0,5831.0,3467.0,3029.0,1180.0,118.0,557.0,8980.0,1762798.0,Alto
3304557020,Leblon,Rio de Janeiro,RJ,47342.0,3134.0,1380.0,2131.0,2390.0,6177.0,9519.0,7181.0,15430.0,5423.0,3532.0,5342.0,1863.0,1890.0,917.0,217.0,1595.0,14738.0,2119774.0,Alto
3304557017,Leme,Rio de Janeiro,RJ,15216.0,1100.0,570.0,739.0,961.0,2391.0,2917.0,2080.0,4458.0,815.0,1106.0,1298.0,1009.0,1021.0,615.0,95.0,650.0,8861.0,1184553.0,Alto
3304557052,Lins De Vasconcelos,Rio de Janeiro,RJ,38547.0,4302.0,2053.0,2704.0,2720.0,5787.0,8563.0,4990.0,7428.0,0.0,290.0,2064.0,2382.0,2922.0,2114.0,380.0,2855.0,2038.0,932622.0,Alto
3304557073,Madureira,Rio de Janeiro,RJ,51520.0,5608.0,2812.0,3753.0,3907.0,7548.0,10437.0,7068.0,10387.0,0.0,110.0,1747.0,4124.0,5487.0,3566.0,834.0,2032.0,1848.0,835847.0,Alto
3304557096,Magalhães Bastos,Rio de Janeiro,RJ,25119.0,3040.0,1460.0,2044.0,2038.0,3741.0,5282.0,3311.0,4203.0,0.0,63.0,393.0,1766.0,2544.0,2230.0,357.0,1226.0,1550.0,754735.0,Baixo
3304557027,Mangueira,Rio de Janeiro,RJ,18340.0,3282.0,1427.0,1664.0,1680.0,2925.0,3483.0,1893.0,1986.0,0.0,0.0,99.0,475.0,1268.0,1837.0,380.0,1329.0,1045.0,711591.0,Baixo
3304557036,Manguinhos,Rio de Janeiro,RJ,37180.0,6837.0,3025.0,3364.0,3342.0,6766.0,7832.0,3256.0,2758.0,0.0,0.0,117.0,861.0,3179.0,4128.0,975.0,2007.0,1039.0,404476.0,Baixo
3304557032,Maracanã,Rio de Janeiro,RJ,25969.0,1696.0,843.0,1370.0,1921.0,4020.0,5134.0,4124.0,6861.0,739.0,1695.0,3191.0,1924.0,1522.0,877.0,0.0,497.0,3900.123042505593,1384873.0,Baixo
3304557158,Maré,Rio de Janeiro,RJ,133432.0,22021.0,9536.0,12193.0,12618.0,24528.0,29204.0,11868.0,11464.0,0.0,0.0,640.0,4262.0,12818.0,15295.0,2977.0,8274.0,1107.0,24651.0,Médio
3304557080,Marechal Hermes,Rio de Janeiro,RJ,49419.0,5878.0,2837.0,3799.0,3699.0,7139.0,10280.0,6634.0,9153.0,0.0,117.0,1515.0,2985.0,4678.0,4447.0,931.0,2281.0,1675.0,726430.0,Alto
3304557147,Maria Da Graça,Rio de Janeiro,RJ,8198.0,782.0,364.0,479.0,514.0,1292.0,1720.0,1171.0,1876.0,0.0,102.0,603.0,721.0,842.0,476.0,41.0,206.0,2612.0,905395.0,Baixo
3304557053,Méier,Rio de Janeiro,RJ,51234.0,3371.0,1719.0,2751.0,3246.0,6801.0,9850.0,8170.0,15326.0,510.0,1873.0,5463.0,5089.0,3911.0,1570.0,131.0,1356.0,4671.0,1626856.0,Alto
3304557120,Moneró,Rio de Janeiro,RJ,6381.0,455.0,248.0,327.0,391.0,1005.0,1345.0,932.0,1678.0,0.0,245.0,828.0,645.0,419.0,162.0,30.0,84.0,3669.0,978197.0,Médio
3304557039,Olaria,Rio de Janeiro,RJ,59136.0,6058.0,2939.0,3925.0,4016.0,8517.0,12453.0,7775.0,13453.0,0.0,423.0,2819.0,4396.0,6318.0,4145.0,697.0,2226.0,2104.0,860621.0,Alto
3304557078,Oswaldo Cruz,Rio de Janeiro,RJ,35000.0,3420.0,1904.0,2477.0,2462.0,4867.0,7325.0,5027.0,7518.0,0.0,179.0,1446.0,2409.0,3848.0,2543.0,413.0,1635.0,1952.0,858291.0,Médio
3304557106,Paciência,Rio de Janeiro,RJ,97298.0,14810.0,7157.0,8957.0,7881.0,15238.0,20462.0,10862.0,11931.0,0.0,0.0,951.0,4010.0,8613.0,9091.0,1902.0,5853.0,1241.0,167586.0,Médio
3304557098,Padre Miguel,Rio de Janeiro,RJ,66040.0,8181.0,3877.0,5208.0,4835.0,9800.0,13956.0,8811.0,11372.0,0.0,83.0,1748.0,4125.0,6651.0,5842.0,1199.0,2785.0,1602.0,629794.0,Alto
3304557153,Paquetá,Rio de Janeiro,RJ,3270.0,369.0,158.0,229.0,195.0,389.0,566.0,492.0,872.0,0.0,10.0,115.0,244.0,380.0,329.0,65.0,108.0,1696.0,854818.0,Baixo
3304557044,Parada De Lucas,Rio de Janeiro,RJ,24598.0,3461.0,1605.0,2363.0,2498.0,4000.0,4785.0,2400.0,3486.0,0.0,0.0,209.0,686.0,1981.0,2763.0,420.0,1582.0,1113.0,630075.0,Baixo
3304557126,Parque Anchieta,Rio de Janeiro,RJ,26951.0,3177.0,1552.0,2074.0,1876.0,4033.0,5963.0,3335.0,4941.0,0.0,0.0,681.0,1789.0,3055.0,2100.0,243.0,1125.0,1679.0,744303.0,Médio
3304557154,Parque Columbia,Rio de Janeiro,RJ,9462.0,1318.0,672.0,871.0,707.0,1396.0,2169.0,1012.0,1317.0,0.0,0.0,143.0,511.0,1022.0,651.0,195.0,592.0,1374.0,789315.0,Baixo
3304557141,Pavuna,Rio de Janeiro,RJ,100006.0,14409.0,6774.0,8267.0,7615.0,15427.0,21319.0,11714.0,14481.0,0.0,0.0,1786.0,4785.0,10037.0,8612.0,1998.0,5707.0,1384.0,258464.0,Médio
3304557087,Pechincha,Rio de Janeiro,RJ,35689.0,3614.0,1675.0,2290.0,2363.0,5930.0,8039.0,5077.0,6701.0,0.0,755.0,3512.0,3130.0,2895.0,1541.0,144.0,1249.0,3089.0,1121587.0,Alto
3304557144,Pedra De Guaratiba,Rio de Janeiro,RJ,9666.0,1139.0,535.0,715.0,690.0,1415.0,2068.0,1284.0,1820.0,0.0,0.0,231.0,662.0,876.0,783.0,150.0,532.0,1522.0,832018.0,Baixo
3304557040,Penha,Rio de Janeiro,RJ,80900.0,9269.0,4616.0,7545.0,8520.0,12940.0,15618.0,9160.0,13232.0,0.0,239.0,2129.0,4629.0,7639.0,6086.0,1082.0,3563.0,1682.0,593191.0,Alto
3304557041,Penha Circular,Rio de Janeiro,RJ,49165.0,5348.0,2662.0,4045.0,3936.0,7353.0,9601.0,6349.0,9871.0,0.0,348.0,1893.0,3750.0,3988.0,3411.0,459.0,2662.0,2005.0,908998.0,Alto
3304557059,Piedade,Rio de Janeiro,RJ,44603.0,4657.0,2192.0,3121.0,3246.0,6454.0,9487.0,6121.0,9325.0,0.0,95.0,2107.0,3222.0,4470.0,3969.0,500.0,1412.0,1944.0,808082.0,Alto
3304557061,Pilares,Rio de Janeiro,RJ,28018.0,3008.0,1476.0,1999.0,1993.0,4011.0,5830.0,3820.0,5881.0,0.0,0.0,913.0,1659.0,2729.0,1997.0,456.0,2074.0,1535.0,826523.0,Baixo
3304557112,Pitangueiras,Rio de Janeiro,RJ,12088.0,1513.0,697.0,945.0,900.0,1838.0,2663.0,1520.0,2012.0,0.0,93.0,330.0,564.0,1076.0,1049.0,185.0,858.0,1688.0,810599.0,Baixo
3304557121,Portuguesa,Rio de Janeiro,RJ,24529.0,2372.0,1165.0,1547.0,1837.0,3883.0,5036.0,3204.0,5485.0,0.0,330.0,1650.0,2109.0,2156.0,1471.0,287.0,805.0,2511.0,950834.0,Médio
3304557029,Praça Da Bandeira,Rio de Janeiro,RJ,8908.0,643.0,321.0,501.0,593.0,1340.0,1884.0,1281.0,2345.0,124.0,298.0,939.0,892.0,628.0,537.0,75.0,140.0,5324.0,1005886.0,Médio
3304557090,Praça Seca,Rio de Janeiro,RJ,65958.0,8037.0,3784.0,5024.0,4694.0,10060.0,13880.0,8260.0,12219.0,0.0,484.0,3359.0,4409.0,6273.0,4442.0,780.0,2418.0,2162.0,848230.0,Alto
3304557113,Praia Da Bandeira,Rio de Janeiro,RJ,6116.0,622.0,276.0,356.0,407.0,1129.0,1360.0,761.0,1205.0,0.0,85.0,452.0,639.0,629.0,244.0,38.0,177.0,2699.0,893640.0,Baixo
3304557069,Quintino Bocaiúva,Rio de Janeiro,RJ,32064.0,3322.0,1700.0,2162.0,2310.0,4733.0,6797.0,4385.0,6655.0,0.0,264.0,1151.0,2315.0,3451.0,2773.0,331.0,910.0,2038.0,806166.0,Médio
3304557038,Ramos,Rio de Janeiro,RJ,41943.0,4289.0,2161.0,2900.0,2956.0,6495.0,9223.0,5495.0,8424.0,0.0,238.0,1799.0,3163.0,5001.0,3269.0,272.0,1167.0,2053.0,766893.0,Alto
3304557097,Realengo,Rio de Janeiro,RJ,185206.0,23513.0,11337.0,14883.0,14252.0,27747.0,39378.0,23702.0,30394.0,0.0,242.0,4551.0,11214.0,18442.0,16361.0,3661.0,8364.0,1576.0,89769.0,Alto
3304557135,Recreio Dos Bandeirantes,Rio de Janeiro,RJ,84538.0,10102.0,4229.0,5804.0,6423.0,14960.0,20404.0,10651.0,11965.0,2815.0,4307.0,7544.0,4011.0,4747.0,3339.0,800.0,2484.0,8407.0,1596252.0,Alto
3304557049,Riachuelo,Rio de Janeiro,RJ,13009.0,1094.0,515.0,760.0,882.0,1900.0,2707.0,1972.0,3179.0,0.0,154.0,776.0,1407.0,1397.0,693.0,102.0,280.0,2541.0,934074.0,Médio
3304557109,Ribeira,Rio de Janeiro,RJ,3629.0,339.0,150.0,205.0,229.0,482.0,771.0,578.0,875.0,0.0,117.0,374.0,315.0,290.0,112.0,23.0,109.0,3420.0,928239.0,Baixo
3304557127,Ricardo De Albuquerque,Rio de Janeiro,RJ,30137.0,3735.0,1842.0,2490.0,2251.0,4436.0,6721.0,3798.0,4864.0,0.0,0.0,478.0,1561.0,2456.0,2588.0,401.0,2873.0,1227.0,720444.0,Baixo
3304557006,Rio Comprido,Rio de Janeiro,RJ,44998.0,5332.0,2397.0,3448.0,3757.0,7160.0,9375.0,5527.0,8002.0,0.0,387.0,2119.0,2775.0,3715.0,3930.0,617.0,1681.0,3900.123042505593,789463.0,Baixo
3304557048,Rocha,Rio de Janeiro,RJ,9012.0,713.0,416.0,561.0,589.0,1293.0,2051.0,1317.0,2072.0,0.0,109.0,663.0,950.0,891.0,388.0,85.0,232.0,2667.0,922967.0,Médio
3304557076,Rocha Miranda,Rio de Janeiro,RJ,45436.0,5371.0,2604.0,3448.0,3367.0,6721.0,9449.0,6121.0,8355.0,0.0,0.0,1004.0,3223.0,4767.0,3922.0,556.0,2297.0,1570.0,710341.0,Médio
3304557156,Rocinha,Rio de Janeiro,RJ,71315.0,11817.0,4576.0,6527.0,7855.0,14629.0,15004.0,5968.0,4939.0,0.0,0.0,149.0,2298.0,6761.0,8969.0,1402.0,5242.0,1037.0,59273.0,Médio
3304557050,Sampaio,Rio de Janeiro,RJ,11203.0,1519.0,667.0,908.0,964.0,1839.0,2366.0,1224.0,1716.0,0.0,49.0,290.0,615.0,877.0,1014.0,157.0,430.0,1751.0,806674.0,Baixo
3304557107,Santa Cruz,Rio de Janeiro,RJ,223440.0,35572.0,16403.0,20998.0,18090.0,34697.0,46774.0,23878.0,27028.0,0.0,0.0,2057.0,8310.0,18161.0,22160.0,4572.0,14833.0,1188.0,43346.0,Médio
3304557128,Santa Teresa,Rio de Janeiro,RJ,42081.0,4341.0,2130.0,2887.0,3499.0,7584.0,9814.0,5201.0,6625.0,150.0,453.0,2290.0,2790.0,4882.0,3508.0,615.0,1565.0,2287.0,703465.0,Alto
3304557101,Santíssimo,Rio de Janeiro,RJ,42629.0,5738.0,2720.0,3708.0,3296.0,6650.0,9887.0,5049.0,5581.0,0.0,0.0,672.0,2287.0,4163.0,4281.0,722.0,1796.0,1400.0,536367.0,Médio
3304557003,Santo Cristo,Rio de Janeiro,RJ,12678.0,1629.0,728.0,962.0,1039.0,2114.0,2749.0,1554.0,1903.0,0.0,0.0,121.0,537.0,1436.0,1208.0,193.0,823.0,1237.0,752007.0,Baixo
3304557025,São Conrado,Rio de Janeiro,RJ,11290.0,885.0,500.0,661.0,726.0,1464.0,2463.0,1741.0,2850.0,939.0,956.0,744.0,418.0,432.0,356.0,37.0,207.0,17650.0,1330747.0,Médio
3304557026,São Cristóvão,Rio de Janeiro,RJ,25371.0,2676.0,1260.0,1788.0,1956.0,3902.0,5406.0,3340.0,5043.0,0.0,118.0,1207.0,1750.0,2853.0,1811.0,335.0,1040.0,1946.0,828172.0,Médio
3304557047,São Francisco Xavier,Rio de Janeiro,RJ,8578.0,972.0,502.0,613.0,758.0,1417.0,1764.0,1092.0,1460.0,0.0,92.0,480.0,701.0,666.0,581.0,131.0,358.0,2317.0,878830.0,Baixo
3304557152,Saúde,Rio de Janeiro,RJ,2827.0,281.0,153.0,160.0,251.0,574.0,590.0,343.0,475.0,0.0,0.0,44.0,125.0,263.0,293.0,53.0,225.0,1222.0,828677.0,Baixo
3304557100,Senador Camará,Rio de Janeiro,RJ,108492.0,15597.0,7178.0,9358.0,9024.0,16818.0,22481.0,12713.0,15323.0,0.0,60.0,1679.0,4459.0,9656.0,10096.0,2173.0,7987.0,1287.0,197681.0,Médio
3304557103,Senador Vasconcelos,Rio de Janeiro,RJ,31463.0,4094.0,2048.0,2746.0,2405.0,4951.0,6955.0,3854.0,4410.0,0.0,0.0,602.0,2028.0,2988.0,2803.0,502.0,1499.0,1513.0,689701.0,Baixo
3304557108,Sepetiba,Rio de Janeiro,RJ,58172.0,9222.0,4258.0,5189.0,4395.0,8075.0,11859.0,6616.0,8558.0,0.0,0.0,423.0,2186.0,4931.0,5847.0,1133.0,4395.0,1139.0,450723.0,Médio
3304557089,Tanque,Rio de Janeiro,RJ,38925.0,4782.0,2256.0,2951.0,2968.0,6188.0,8480.0,4953.0,6347.0,0.0,106.0,1771.0,2493.0,3803.0,2937.0,720.0,1490.0,1897.0,778067.0,Médio
3304557088,Taquara,Rio de Janeiro,RJ,105009.0,11084.0,5474.0,7981.0,8028.0,16085.0,23292.0,14297.0,18768.0,142.0,899.0,6441.0,7581.0,9678.0,6934.0,1111.0,3111.0,2986.0,1014058.0,Alto
3304557119,Tauá,Rio de Janeiro,RJ,30403.0,4008.0,1783.0,2398.0,2442.0,4930.0,6505.0,3601.0,4736.0,0.0,138.0,1081.0,1651.0,2673.0,2467.0,436.0,1962.0,1704.0,752629.0,Médio
3304557030,Tijuca,Rio de Janeiro,RJ,168267.0,13033.0,6405.0,9750.0,10968.0,23657.0,33313.0,23892.0,47249.0,4351.0,8306.0,19076.0,11631.0,10755.0,6539.0,1280.0,3723.0,7844.0,2157079.0,Alto
3304557054,Todos Os Santos,Rio de Janeiro,RJ,25341.0,1998.0,1039.0,1454.0,1589.0,3636.0,5685.0,3910.0,6030.0,0.0,1057.0,2976.0,2350.0,1956.0,772.0,0.0,212.0,4001.0,1200769.0,Alto
3304557151,Tomás Coelho,Rio de Janeiro,RJ,23316.0,3089.0,1393.0,1852.0,1791.0,3737.0,4931.0,2746.0,3777.0,0.0,0.0,632.0,1434.0,2324.0,2303.0,305.0,1014.0,1567.0,722040.0,Baixo
3304557075,Turiaçu,Rio de Janeiro,RJ,17734.0,2453.0,1087.0,1465.0,1409.0,2620.0,3713.0,2231.0,2756.0,0.0,0.0,502.0,1155.0,1667.0,1481.0,238.0,770.0,1652.0,798206.0,Baixo
3304557015,Urca,Rio de Janeiro,RJ,7260.0,649.0,340.0,471.0,499.0,892.0,1896.0,915.0,1598.0,417.0,592.0,862.0,329.0,224.0,156.0,0.0,125.0,10573.0,1126244.0,Médio
3304557134,Vargem Grande,Rio de Janeiro,RJ,14436.0,2125.0,1003.0,1262.0,1149.0,2492.0,3250.0,1599.0,1556.0,14.0,115.0,501.0,499.0,1288.0,1335.0,273.0,711.0,1884.0,768425.0,Baixo
3304557133,Vargem Pequena,Rio de Janeiro,RJ,28018.0,4547.0,2026.0,2703.0,2602.0,5010.0,6512.0,2431.0,2187.0,31.0,160.0,693.0,911.0,2588.0,2895.0,497.0,1154.0,1740.0,560631.0,Médio
3304557159,Vasco Da Gama,Rio de Janeiro,RJ,15908.0,1909.0,878.0,1182.0,1320.0,2667.0,3381.0,1885.0,2686.0,0.0,32.0,467.0,846.0,1612.0,1474.0,302.0,935.0,1550.0,767430.0,Baixo
3304557074,Vaz Lobo,Rio de Janeiro,RJ,15595.0,1908.0,888.0,1149.0,1260.0,2534.0,3300.0,1939.0,2617.0,0.0,0.0,451.0,892.0,1410.0,1345.0,259.0,839.0,1580.0,797801.0,Baixo
3304557063,Vicente De Carvalho,Rio de Janeiro,RJ,25668.0,3363.0,1615.0,2107.0,1847.0,3933.0,5318.0,3119.0,4366.0,0.0,137.0,576.0,1399.0,2210.0,2482.0,637.0,1362.0,1598.0,738591.0,Baixo
3304557024,Vidigal,Rio de Janeiro,RJ,13158.0,1907.0,904.0,1139.0,1165.0,2245.0,2948.0,1417.0,1433.0,18.0,47.0,124.0,367.0,1386.0,1647.0,149.0,827.0,1495.0,700834.0,Baixo
3304557045,Vigário Geral,Rio de Janeiro,RJ,43000.0,6229.0,3049.0,4189.0,3789.0,6424.0,8806.0,4738.0,5776.0,0.0,0.0,725.0,1429.0,3097.0,3726.0,933.0,3497.0,1184.0,623144.0,Baixo
3304557064,Vila Da Penha,Rio de Janeiro,RJ,26183.0,2152.0,992.0,1456.0,1665.0,3678.0,5542.0,4096.0,6602.0,0.0,520.0,2449.0,2388.0,2333.0,1236.0,189.0,631.0,2989.0,1100481.0,Alto
3304557033,Vila Isabel,Rio de Janeiro,RJ,88426.0,8117.0,4021.0,5750.0,6128.0,13459.0,18234.0,12029.0,20688.0,1417.0,2352.0,7949.0,6209.0,6402.0,5244.0,966.0,2441.0,5118.0,1528242.0,Alto
3304557062,Vila Kosmos,Rio de Janeiro,RJ,18791.0,1802.0,921.0,1442.0,1462.0,2500.0,3944.0,2920.0,3800.0,0.0,259.0,774.0,1363.0,1923.0,1379.0,190.0,405.0,2316.0,901446.0,Médio
3304557093,Vila Militar,Rio de Janeiro,RJ,13556.0,1888.0,787.0,1042.0,982.0,2542.0,2908.0,1528.0,1879.0,0.0,219.0,714.0,828.0,1051.0,1012.0,116.0,465.0,2416.0,849731.0,Médio
3304557091,Vila Valqueire,Rio de Janeiro,RJ,33190.0,3166.0,1619.0,2255.0,2326.0,4752.0,7183.0,4950.0,6939.0,0.0,906.0,2866.0,2241.0,2982.0,1200.0,360.0,772.0,3189.0,1127042.0,Alto
3304557065,Vista Alegre,Rio de Janeiro,RJ,8867.0,724.0,387.0,580.0,565.0,1205.0,1812.0,1474.0,2120.0,0.0,87.0,556.0,836.0,940.0,484.0,75.0,214.0,2418.0,921875.0,Baixo
3304557110,Zumbi,Rio de Janeiro,RJ,2072.0,175.0,74.0,120.0,121.0,318.0,417.0,314.0,533.0,0.0,89.0,234.0,177.0,147.0,72.0,10.0,47.0,3791.0,919451.0,Baixo
355030251,A. E. Carvalho,São Paulo,SP,94034.0,12668.0,6853.0,9836.0,7487.0,14535.0,21549.0,10598.0,10508.0,0.0,253.0,2197.0,4368.0,6681.0,7011.0,2247.0,5670.0,1501.0,176219.59647619023,Alto
35503020,Aclimação,São Paulo,SP,32791.0,2297.0,1017.0,2096.0,2197.0,5341.0,7281.0,4917.0,7645.0,1413.0,1734.0,3704.0,2351.0,1946.0,827.0,291.0,1617.0,5920.0,1481971.9479047626,Alto
355030285,Adventista,São Paulo,SP,104193.0,15070.0,7343.0,10631.0,8657.0,17749.0,23364.0,11567.0,9812.0,0.0,0.0,1423.0,4875.0,8595.0,10082.0,3111.0,5776.0,1284.0,144563.19428571427,Médio
35503088,Água Branca,São Paulo,SP,12721.0,953.0,343.0,627.0,819.0,2142.0,2833.0,1790.0,3214.0,624.0,667.0,1558.0,1032.0,915.0,361.0,84.0,404.0,6278.0,1227767.839380952,Alto
35503066,Água Funda,São Paulo,SP,48417.0,5078.0,2396.0,4018.0,3571.0,7388.0,10751.0,6648.0,8567.0,0.0,303.0,1794.0,2986.0,4489.0,2836.0,1104.0,2553.0,1905.0,768803.4874920639,Alto
35503052,Água Rasa,São Paulo,SP,26134.0,2102.0,996.0,1694.0,1553.0,3625.0,5837.0,4026.0,6301.0,559.0,866.0,2367.0,1906.0,1347.0,974.0,173.0,1510.0,5907.0,1317898.8168968242,Alto
355030245,Águia De Haia,São Paulo,SP,48398.0,5745.0,2883.0,4321.0,3505.0,7113.0,10613.0,6347.0,7871.0,0.0,63.0,1881.0,2773.0,3800.0,3430.0,874.0,2798.0,1729.0,707300.9828730158,Médio
35503097,Alfredo Pujol,São Paulo,SP,39310.0,2720.0,1317.0,2422.0,2351.0,5431.0,8457.0,6448.0,10164.0,1556.0,1995.0,4558.0,2845.0,2081.0,1083.0,13.0,1561.0,6586.0,1547068.8634999997,Alto
355030146,Alto Da Lapa,São Paulo,SP,15551.0,1160.0,507.0,911.0,757.0,1967.0,3557.0,2207.0,4485.0,839.0,825.0,1485.0,934.0,777.0,577.0,87.0,379.0,8303.0,1266161.669579365,Alto
35503037,Alto Da Mooca,São Paulo,SP,18304.0,1486.0,651.0,1157.0,1021.0,2360.0,4134.0,2678.0,4817.0,302.0,778.0,2150.0,1345.0,984.0,767.0,107.0,566.0,4841.0,1168919.1193492059,Alto
355030141,Alto De Pinheiros,São Paulo,SP,8046.0,564.0,287.0,502.0,403.0,828.0,1749.0,1254.0,2459.0,846.0,494.0,630.0,253.0,143.0,98.0,0.0,236.0,12793.0,1192460.2081666668,Médio
35503048,Ana Rosa,São Paulo,SP,24889.0,1446.0,661.0,1374.0,1716.0,4861.0,5421.0,3834.0,5576.0,993.0,1571.0,3627.0,1513.0,1426.0,550.0,203.0,1367.0,6075.0,1462379.2283412712,Alto
355030230,Anhanguera,São Paulo,SP,14818.0,2063.0,1142.0,1640.0,1185.0,2053.0,4221.0,1567.0,947.0,0.0,0.0,277.0,858.0,1360.0,1287.0,259.0,582.0,1522.0,764696.4671904765,Baixo
355030111,Aricanduva,São Paulo,SP,49365.0,4910.0,2536.0,3829.0,3142.0,6932.0,10928.0,6722.0,10366.0,87.0,255.0,2458.0,3258.0,3380.0,3007.0,578.0,3418.0,2313.0,854484.4735317461,Alto
3550309,Armênia,São Paulo,SP,7700.0,985.0,436.0,635.0,713.0,1510.0,1541.0,779.0,1101.0,0.0,42.0,297.0,375.0,449.0,318.0,89.0,659.0,1795.0,834776.847238096,Baixo
355030181,Artur Alvim,São Paulo,SP,75865.0,8338.0,4066.0,6156.0,5262.0,12258.0,16270.0,9892.0,13623.0,0.0,0.0,2838.0,6428.0,6410.0,5770.0,1657.0,3329.0,1821.0,579601.093325397,Alto
35503076,Bandeirantes,São Paulo,SP,11049.0,726.0,303.0,512.0,597.0,1790.0,2544.0,1765.0,2812.0,906.0,783.0,1450.0,497.0,444.0,287.0,0.0,616.0,8244.0,1227598.2321031746,Médio
35503087,Barra Funda,São Paulo,SP,320.0,19.0,12.0,18.0,21.0,46.0,68.0,52.0,84.0,2.0,3.0,14.0,24.0,26.0,12.0,5.0,24.0,1956.0,865098.2763650799,Baixo
35503022,Bela Vista,São Paulo,SP,17642.0,992.0,415.0,853.0,1155.0,3078.0,3634.0,2660.0,4855.0,1232.0,1297.0,2380.0,966.0,869.0,361.0,152.0,607.0,7887.0,1383225.4795952379,Alto
35503031,Belém,São Paulo,SP,20907.0,1910.0,911.0,1336.0,1467.0,3031.0,4444.0,3003.0,4805.0,292.0,667.0,1809.0,1750.0,1136.0,791.0,92.0,795.0,4366.0,1087057.878412698,Alto
355030136,Berrini - Vila Funchal,São Paulo,SP,8499.0,823.0,249.0,407.0,500.0,1974.0,2152.0,1030.0,1364.0,683.0,683.0,1028.0,357.0,414.0,179.0,0.0,446.0,10313.0,1235374.1347777778,Médio
35503023,Bexiga,São Paulo,SP,34542.0,2912.0,1256.0,2291.0,3035.0,7070.0,7898.0,4379.0,5701.0,266.0,719.0,3010.0,3205.0,3383.0,2397.0,436.0,1382.0,3211.0,1030089.6955555548,Alto
355030142,Boçava,São Paulo,SP,18431.0,1429.0,666.0,1161.0,964.0,2337.0,4186.0,2773.0,4915.0,1585.0,1012.0,1669.0,873.0,670.0,410.0,0.0,918.0,9800.0,1362141.7329761893,Alto
3550307,Bom Retiro,São Paulo,SP,11250.0,1580.0,648.0,914.0,1000.0,1972.0,2320.0,1215.0,1601.0,0.0,63.0,431.0,539.0,704.0,532.0,178.0,1322.0,1598.0,805395.7534126989,Baixo
355030218,Bonfiglioli,São Paulo,SP,35054.0,3030.0,1330.0,2184.0,2238.0,5799.0,7830.0,5007.0,7636.0,774.0,1315.0,3831.0,2254.0,1539.0,947.0,302.0,2113.0,4684.0,1410337.4384761902,Alto
355030293,Bororé,São Paulo,SP,13537.0,2255.0,1164.0,1573.0,1124.0,1950.0,2890.0,1448.0,1133.0,0.0,0.0,79.0,460.0,986.0,1036.0,485.0,1076.0,1054.0,726196.628150794,Baixo
35503071,Bosque Da Saúde,São Paulo,SP,32212.0,2784.0,1121.0,1806.0,1822.0,5344.0,7891.0,4903.0,6541.0,1351.0,1827.0,3450.0,1923.0,1465.0,735.0,135.0,2065.0,7899.0,1508402.140190477,Alto
35503013,Brás,São Paulo,SP,11768.0,1099.0,590.0,932.0,810.0,2043.0,2756.0,1699.0,1839.0,0.0,120.0,875.0,1288.0,1026.0,551.0,128.0,588.0,2409.0,892339.356277777,Médio
355030161,Brasilândia,São Paulo,SP,64673.0,7593.0,3881.0,5858.0,4829.0,9605.0,14551.0,8335.0,10021.0,0.0,0.0,2262.0,4513.0,5772.0,5199.0,1249.0,2395.0,1764.0,672270.4146031748,Alto
35503014,Bresser,São Paulo,SP,8220.0,935.0,364.0,614.0,823.0,1642.0,1833.0,959.0,1050.0,0.0,63.0,350.0,534.0,746.0,702.0,133.0,612.0,1796.0,835644.2486190482,Baixo
355030134,Brooklin,São Paulo,SP,29180.0,2307.0,815.0,1419.0,1369.0,4455.0,6854.0,4516.0,7445.0,2404.0,2231.0,3455.0,1431.0,1205.0,498.0,0.0,1250.0,8427.0,1583311.1776825408,Alto
355030217,Butantã,São Paulo,SP,18076.0,1158.0,511.0,989.0,1122.0,2560.0,3629.0,2624.0,5483.0,735.0,793.0,1480.0,1304.0,860.0,455.0,0.0,1105.0,5810.0,1304660.717706349,Alto
355030165,Cachoeirinha,São Paulo,SP,80996.0,9392.0,4605.0,7149.0,5929.0,12761.0,18420.0,10495.0,12245.0,0.0,603.0,4521.0,5835.0,6236.0,5325.0,993.0,3393.0,2224.0,933646.8395000005,Alto
35503017,Cambuci,São Paulo,SP,18608.0,2171.0,840.0,1263.0,1281.0,3322.0,4227.0,2265.0,3239.0,165.0,348.0,1641.0,1278.0,1403.0,991.0,232.0,459.0,3946.0,943361.093920635,Médio
355030127,Campo Belo,São Paulo,SP,10060.0,608.0,258.0,448.0,547.0,1475.0,2144.0,1584.0,2996.0,693.0,626.0,1242.0,522.0,503.0,171.0,39.0,267.0,11047.0,1242113.2647539682,Médio
355030197,Campo Grande,São Paulo,SP,35159.0,3962.0,1875.0,2765.0,2319.0,5896.0,8411.0,4674.0,5257.0,0.0,498.0,2907.0,2277.0,2146.0,1577.0,532.0,2358.0,2493.0,933401.559928571,Alto
355030280,Campo Limpo,São Paulo,SP,40709.0,4859.0,2462.0,3616.0,3103.0,6530.0,9120.0,5065.0,5954.0,0.0,226.0,1626.0,2297.0,3615.0,2478.0,745.0,2153.0,1907.0,748639.5616984132,Médio
355030241,Cangaíba,São Paulo,SP,50281.0,5018.0,2637.0,4144.0,3665.0,7181.0,11456.0,6749.0,9431.0,0.0,160.0,2659.0,3792.0,3816.0,3514.0,797.0,2167.0,2048.0,846830.6037619049,Alto
35503011,Canindé,São Paulo,SP,1171.0,150.0,58.0,94.0,99.0,170.0,199.0,153.0,248.0,0.0,3.0,31.0,39.0,74.0,77.0,20.0,88.0,1482.0,852427.2294761919,Baixo
355030237,Cantareira,São Paulo,SP,613.0,58.0,32.0,54.0,28.0,67.0,139.0,73.0,162.0,0.0,0.0,9.0,24.0,42.0,38.0,11.0,24.0,1365.0,847470.0591190495,Baixo
355030284,Capão Redondo,São Paulo,SP,62049.0,7662.0,3931.0,5610.0,4791.0,10083.0,14257.0,7486.0,8229.0,0.0,199.0,2541.0,3928.0,5042.0,4576.0,1500.0,2907.0,1821.0,589935.9038571429,Alto
355030299,Capivari - Monos,São Paulo,SP,2938.0,449.0,265.0,308.0,188.0,332.0,617.0,373.0,406.0,0.0,0.0,6.0,102.0,133.0,230.0,109.0,352.0,857.0,837579.3564365096,Baixo
35503083,Cardoso De Almeida,São Paulo,SP,9163.0,632.0,285.0,513.0,608.0,1262.0,1795.0,1446.0,2622.0,787.0,705.0,1161.0,315.0,280.0,95.0,51.0,204.0,11365.0,1232744.3886111113,Médio
35503092,Casa Verde,São Paulo,SP,34188.0,3117.0,1512.0,2429.0,2297.0,5088.0,7598.0,5008.0,7139.0,318.0,929.0,3234.0,2212.0,2364.0,1545.0,232.0,1336.0,3862.0,1141070.5007619034,Alto
35503091,Casa Verde Alta,São Paulo,SP,77356.0,8177.0,3902.0,6256.0,5582.0,11741.0,16641.0,10764.0,14293.0,0.0,849.0,4426.0,5640.0,5681.0,4438.0,1152.0,3779.0,2297.0,969879.6607460323,Alto
35503034,Catumbi,São Paulo,SP,9797.0,1081.0,402.0,762.0,817.0,1681.0,1894.0,1241.0,1919.0,40.0,79.0,340.0,610.0,662.0,785.0,65.0,559.0,2309.0,859088.1470634917,Baixo
35503012,Cdc Vigor,São Paulo,SP,2686.0,265.0,114.0,206.0,187.0,382.0,534.0,281.0,717.0,0.0,15.0,157.0,146.0,265.0,150.0,44.0,192.0,1967.0,860061.2110079367,Baixo
355030151,Ceasa,São Paulo,SP,7786.0,939.0,362.0,561.0,799.0,2126.0,1860.0,591.0,548.0,171.0,338.0,405.0,223.0,277.0,407.0,65.0,331.0,5403.0,1015716.4019047626,Médio
355030278,Centro Empresarial,São Paulo,SP,126509.0,17058.0,8493.0,12346.0,10506.0,21851.0,29095.0,14114.0,13046.0,0.0,87.0,2295.0,5695.0,10321.0,11811.0,3246.0,8692.0,1324.0,70223.78149206338,Médio
355030205,Chácara Flora,São Paulo,SP,14523.0,1126.0,562.0,864.0,695.0,1588.0,3190.0,2349.0,4149.0,1453.0,917.0,1114.0,633.0,390.0,183.0,0.0,372.0,11500.0,1287107.1197301582,Alto
355030132,Chácara Itaim,São Paulo,SP,28697.0,1925.0,662.0,1223.0,1372.0,4809.0,6024.0,4316.0,8366.0,4038.0,2107.0,3976.0,1249.0,980.0,332.0,0.0,1105.0,12424.0,1728758.7797142884,Alto
35503046,Chácara Klabin,São Paulo,SP,16839.0,1381.0,616.0,1078.0,1025.0,2463.0,4243.0,2958.0,3075.0,1726.0,1273.0,1698.0,698.0,551.0,163.0,77.0,403.0,13218.0,1418916.4350793648,Alto
355030203,Chácara Santo Antônio,São Paulo,SP,6320.0,553.0,215.0,325.0,309.0,1140.0,1439.0,847.0,1492.0,263.0,416.0,758.0,405.0,294.0,121.0,46.0,192.0,7818.0,1039551.7564841284,Médio
355030194,Cidade Ademar,São Paulo,SP,60283.0,5595.0,2806.0,4607.0,4225.0,9411.0,13709.0,8505.0,11425.0,174.0,1104.0,3863.0,3913.0,4446.0,2550.0,775.0,3982.0,6429.0,1137027.1449603164,Alto
355030271,Cidade Dutra,São Paulo,SP,49560.0,5790.0,3095.0,4451.0,3774.0,7653.0,11037.0,6418.0,7342.0,0.0,296.0,1865.0,2787.0,3682.0,3167.0,820.0,3215.0,1840.0,730162.3838174604,Alto
355030183,Cidade Líder,São Paulo,SP,54768.0,6516.0,3238.0,4985.0,4046.0,8717.0,12205.0,7022.0,8039.0,0.0,263.0,1693.0,3101.0,3717.0,4339.0,1166.0,3325.0,1677.0,670825.1820000001,Alto
355030255,Cidade Nitro-Operária,São Paulo,SP,32478.0,3601.0,1979.0,2918.0,2432.0,4363.0,7380.0,4119.0,5686.0,0.0,50.0,948.0,1975.0,2584.0,2491.0,640.0,2127.0,1562.0,730833.5447222228,Baixo
355030118,Cidade Quarto Centenário,São Paulo,SP,47390.0,5495.0,2914.0,4137.0,3517.0,7150.0,10649.0,5843.0,7685.0,0.0,109.0,1135.0,3306.0,3579.0,3677.0,840.0,2803.0,1606.0,727692.3545238099,Médio
355030120,Cidade Satélite,São Paulo,SP,27006.0,3428.0,1746.0,2531.0,1917.0,4345.0,6596.0,3391.0,3052.0,0.0,0.0,1180.0,1653.0,2053.0,1392.0,361.0,2122.0,1722.0,779942.7563650795,Médio
355030270,Cidade Tiradentes,São Paulo,SP,226226.0,36395.0,18167.0,25637.0,18360.0,36577.0,48286.0,24757.0,18047.0,0.0,0.0,1389.0,8020.0,18403.0,21117.0,6680.0,14325.0,1123.0,60657.8218253968,Médio
355030219,Cidade Universitária,São Paulo,SP,4846.0,240.0,123.0,332.0,704.0,1337.0,948.0,631.0,531.0,222.0,251.0,423.0,225.0,135.0,60.0,0.0,227.0,7179.0,1023559.3210873025,Médio
355030124,Cidade Vargas,São Paulo,SP,40368.0,3331.0,1594.0,2672.0,2466.0,6488.0,9228.0,5974.0,8615.0,458.0,1310.0,4288.0,2831.0,2800.0,1619.0,350.0,1735.0,3893.0,1176515.5509444433,Alto
35503078,Clínicas,São Paulo,SP,22119.0,1179.0,447.0,898.0,1629.0,5257.0,4723.0,3167.0,4819.0,1505.0,1465.0,3593.0,1662.0,950.0,524.0,0.0,1649.0,8728.0,1513345.7145793666,Alto
355030292,Cocaia,São Paulo,SP,221487.0,34983.0,17783.0,25079.0,18525.0,36410.0,50773.0,21793.0,16141.0,0.0,0.0,1584.0,7343.0,17662.0,19980.0,6016.0,15001.0,1121.0,60657.8218253968,Médio
355030240,Cohab Jova Rural,São Paulo,SP,34137.0,5241.0,2659.0,3718.0,2898.0,5659.0,7333.0,3557.0,3072.0,0.0,0.0,395.0,1353.0,2652.0,3087.0,640.0,1690.0,1294.0,604820.3591587303,Baixo
355030128,Congonhas,São Paulo,SP,956.0,112.0,45.0,50.0,64.0,149.0,214.0,110.0,212.0,15.0,15.0,59.0,38.0,61.0,49.0,8.0,57.0,4517.0,959771.1770873024,Baixo
35503025,Consolação,São Paulo,SP,30584.0,1266.0,627.0,1788.0,3466.0,6581.0,6556.0,4076.0,6224.0,1102.0,1663.0,4513.0,3041.0,2541.0,1370.0,171.0,2366.0,5516.0,1478007.7956507942,Alto
355030296,Cratera - Colônia,São Paulo,SP,26273.0,4397.0,2280.0,3270.0,2125.0,3859.0,5962.0,2569.0,1811.0,0.0,0.0,0.0,562.0,1656.0,2446.0,776.0,2568.0,843.0,607452.6533809524,Baixo
355030152,Emissário,São Paulo,SP,4099.0,459.0,188.0,320.0,261.0,746.0,1043.0,448.0,634.0,49.0,107.0,286.0,277.0,230.0,202.0,68.0,347.0,3382.0,930465.934785715,Baixo
355030297,Encruzilhada - Barragem,São Paulo,SP,23161.0,3889.0,1951.0,2736.0,1805.0,3307.0,4765.0,2534.0,2174.0,0.0,0.0,61.0,535.0,1404.0,1870.0,770.0,2200.0,894.0,662841.1674682543,Baixo
355030246,Ermelino Matarazzo,São Paulo,SP,72861.0,9947.0,4836.0,7238.0,5891.0,11559.0,16912.0,8367.0,8111.0,0.0,0.0,1311.0,3617.0,6362.0,6093.0,1698.0,4378.0,1394.0,377313.35074603144,Médio
35503055,Estação Tamanduateí,São Paulo,SP,5869.0,830.0,368.0,661.0,752.0,1076.0,1142.0,490.0,550.0,3.0,9.0,31.0,89.0,176.0,479.0,173.0,671.0,915.0,820881.4046904766,Baixo
355030170,Eta Guaraú,São Paulo,SP,0.0,0.0,0.0,0.0,0.0,0.0,0.0,0.0,0.0,0.0,0.0,0.0,0.0,0.0,0.0,0.0,0.0,3900.123042505593,908616.1061507941,Baixo
355030265,Fábrica Bandeirante,São Paulo,SP,111206.0,16484.0,8577.0,12858.0,9547.0,17088.0,24470.0,11846.0,10336.0,0.0,0.0,785.0,3694.0,7959.0,9511.0,3053.0,8799.0,1084.0,92279.49858730136,Médio
355030188,Fazenda Caguaçu,São Paulo,SP,25966.0,3743.0,1862.0,2673.0,2059.0,4208.0,5754.0,2968.0,2699.0,0.0,0.0,292.0,1107.0,1789.0,2042.0,752.0,2253.0,1133.0,641994.1812857139,Baixo
355030116,Fazenda Da Juta,São Paulo,SP,66237.0,8975.0,4634.0,7149.0,5466.0,9973.0,15487.0,7701.0,6852.0,0.0,0.0,801.0,3295.0,5593.0,5384.0,1858.0,3719.0,1296.0,463324.86915079365,Médio
355030263,Fazenda Itaim,São Paulo,SP,111222.0,17003.0,8773.0,12710.0,9168.0,17490.0,24712.0,12051.0,9315.0,0.0,0.0,460.0,3439.0,8854.0,9741.0,3254.0,8023.0,1047.0,85935.99827777754,Médio
355030212,Fazenda Morumbi,São Paulo,SP,8687.0,906.0,432.0,616.0,546.0,1650.0,2049.0,1039.0,1449.0,540.0,325.0,559.0,327.0,320.0,341.0,92.0,552.0,10252.0,1159909.106571429,Médio
355030158,Freguesia Do Ó,São Paulo,SP,59777.0,5267.0,2744.0,4446.0,3944.0,8830.0,13377.0,9136.0,12033.0,123.0,1261.0,5006.0,4256.0,4048.0,3114.0,734.0,2563.0,2981.0,1065839.4796904756,Alto
35503016,Gasômetro,São Paulo,SP,6663.0,819.0,336.0,613.0,677.0,1264.0,1514.0,668.0,772.0,0.0,27.0,254.0,429.0,618.0,501.0,102.0,471.0,1717.0,837369.6510238103,Baixo
355030267,Gleba Pêssego,São Paulo,SP,35453.0,5930.0,3002.0,4103.0,2762.0,5653.0,8421.0,3315.0,2267.0,0.0,0.0,139.0,1061.0,2901.0,3579.0,1200.0,2271.0,1063.0,537276.5118492066,Baixo
35503021,Glicério,São Paulo,SP,23761.0,2331.0,961.0,1537.0,1587.0,4169.0,5652.0,3077.0,4447.0,395.0,757.0,2090.0,1825.0,1874.0,915.0,296.0,1213.0,3947.0,1059362.6990158726,Baixo
355030291,Grajaú,São Paulo,SP,150639.0,20958.0,10747.0,16137.0,12378.0,24911.0,34039.0,17027.0,14442.0,0.0,171.0,2811.0,6733.0,12119.0,11877.0,4183.0,9010.0,1404.0,63626.707214285634,Alto
355030204,Granja Julieta,São Paulo,SP,29609.0,2158.0,936.0,1643.0,1519.0,3980.0,6584.0,4451.0,8338.0,1427.0,1895.0,3867.0,1945.0,1175.0,443.0,188.0,792.0,8432.0,1526763.3925238098,Alto
355030268,Guaianazes,São Paulo,SP,65699.0,9282.0,4677.0,7315.0,5265.0,10121.0,14518.0,7289.0,7232.0,0.0,0.0,771.0,2860.0,5288.0,5624.0,1846.0,4508.0,1224.0,365654.93710317445,Médio
355030279,Guarapiranga,São Paulo,SP,81739.0,11352.0,5657.0,7985.0,6516.0,13944.0,18835.0,8928.0,8522.0,0.0,0.0,1688.0,3964.0,6990.0,7392.0,2199.0,4925.0,1408.0,233099.09407936467,Médio
35503061,Heliópolis,São Paulo,SP,48963.0,7828.0,3681.0,5472.0,4537.0,9106.0,10769.0,4541.0,3029.0,0.0,0.0,460.0,1603.0,4150.0,4073.0,1899.0,3333.0,1133.0,436953.7596428572,Alto
35503027,Higienópolis,São Paulo,SP,20765.0,1116.0,499.0,1228.0,1630.0,2701.0,3833.0,3058.0,6700.0,1760.0,1695.0,2554.0,1137.0,807.0,397.0,0.0,1212.0,9133.0,1521390.3997222232,Alto
355030169,Horto Florestal,São Paulo,SP,6843.0,685.0,353.0,557.0,455.0,1004.0,1715.0,913.0,1161.0,35.0,93.0,463.0,509.0,440.0,295.0,100.0,333.0,3157.0,906349.1509523808,Baixo
355030189,Iguatemi,São Paulo,SP,136563.0,20724.0,10471.0,15429.0,11234.0,21246.0,31199.0,14642.0,11618.0,0.0,0.0,1338.0,5219.0,10458.0,11951.0,4113.0,8549.0,1182.0,67289.56410317449,Médio
35503018,Independência,São Paulo,SP,20918.0,1755.0,790.0,1237.0,1204.0,2933.0,4729.0,3070.0,5200.0,426.0,678.0,2475.0,1535.0,1429.0,788.0,239.0,472.0,5616.0,1196599.7659047607,Alto
355030272,Interlagos,São Paulo,SP,58350.0,7373.0,3689.0,5662.0,4416.0,9431.0,13558.0,7198.0,7023.0,0.0,204.0,1197.0,3330.0,4804.0,4491.0,1046.0,2866.0,1616.0,656644.4673412701,Alto
35503038,Ipiranga,São Paulo,SP,21723.0,1593.0,727.0,1226.0,1146.0,2889.0,4877.0,3378.0,5887.0,129.0,625.0,2087.0,2125.0,1821.0,812.0,241.0,734.0,3427.0,1076728.955349206,Alto
355030160,Itaberaba,São Paulo,SP,35554.0,3868.0,1970.0,3014.0,2698.0,5528.0,7934.0,4728.0,5814.0,0.0,159.0,1449.0,2632.0,2809.0,2298.0,582.0,1852.0,1946.0,809621.3881666666,Médio
355030261,Itaim Paulista,São Paulo,SP,47381.0,5868.0,3077.0,4580.0,3675.0,7157.0,10641.0,5704.0,6679.0,0.0,126.0,963.0,2758.0,3218.0,3861.0,1306.0,3172.0,1495.0,579542.9964761909,Médio
355030250,Itaquera,São Paulo,SP,35751.0,4899.0,2203.0,3169.0,2399.0,5596.0,8213.0,4328.0,4944.0,0.0,132.0,1581.0,2152.0,2320.0,1998.0,448.0,2855.0,1810.0,763510.3616428577,Médio
355030123,Jabaquara,São Paulo,SP,37618.0,3279.0,1548.0,2481.0,2636.0,6101.0,8322.0,5526.0,7725.0,67.0,741.0,4060.0,2718.0,2346.0,1539.0,523.0,2060.0,3017.0,1088869.383404761,Alto
355030238,Jaçanã,São Paulo,SP,46494.0,4899.0,2411.0,3618.0,3156.0,6721.0,9758.0,6471.0,9460.0,0.0,460.0,2354.0,3062.0,3597.0,2758.0,629.0,2464.0,2167.0,859689.6360634922,Alto
355030295,Jaceguava,São Paulo,SP,3549.0,476.0,224.0,369.0,269.0,518.0,885.0,357.0,451.0,0.0,0.0,120.0,160.0,244.0,218.0,86.0,304.0,1406.0,835882.9422539698,Baixo
355030225,Jaguaré,São Paulo,SP,31415.0,4718.0,2117.0,3241.0,2567.0,5803.0,7083.0,2944.0,2942.0,108.0,383.0,1296.0,1303.0,1940.0,2656.0,874.0,1940.0,2283.0,742197.0505873015,Alto
355030224,Jardim Adalgiza,São Paulo,SP,47028.0,5597.0,2614.0,4039.0,3411.0,7414.0,11339.0,6045.0,6569.0,984.0,1228.0,3088.0,2247.0,2696.0,2755.0,719.0,2138.0,4057.0,1222134.7086984126,Alto
355030129,Jardim Aeroporto,São Paulo,SP,21004.0,1700.0,772.0,1219.0,1262.0,3286.0,4677.0,2876.0,5212.0,532.0,927.0,2287.0,1219.0,1187.0,577.0,166.0,1145.0,6219.0,1314059.2083968245,Alto
355030110,Jardim Anália Franco,São Paulo,SP,33826.0,2749.0,1406.0,2393.0,2076.0,4271.0,7672.0,5383.0,7876.0,682.0,1169.0,2621.0,2140.0,1734.0,1193.0,274.0,2107.0,4295.0,1296206.5522142844,Alto
355030287,Jardim Ângela,São Paulo,SP,83297.0,11615.0,5835.0,8441.0,6928.0,14246.0,18555.0,9064.0,8613.0,0.0,0.0,1124.0,3574.0,6656.0,7596.0,2352.0,5810.0,1224.0,196091.45077777738,Médio
355030125,Jardim Bom Clima,São Paulo,SP,96936.0,12193.0,6071.0,8872.0,7678.0,15583.0,21924.0,11127.0,13488.0,0.0,426.0,2919.0,4953.0,7519.0,6689.0,1870.0,7357.0,1609.0,334122.29203174583,Alto
355030266,Jardim Bonifácio,São Paulo,SP,97231.0,11708.0,5603.0,8106.0,6756.0,16916.0,20296.0,13403.0,14443.0,0.0,0.0,2753.0,7110.0,9123.0,6938.0,1707.0,4777.0,1654.0,399815.9223412697,Médio
355030175,Jardim Brasil,São Paulo,SP,71478.0,8424.0,4064.0,6215.0,5522.0,10708.0,15230.0,9091.0,12224.0,0.0,181.0,2487.0,3824.0,6368.0,5703.0,1343.0,3196.0,1751.0,584332.5714206353,Alto
355030221,Jardim Cambará,São Paulo,SP,42436.0,5448.0,2631.0,3976.0,3164.0,6995.0,9713.0,5139.0,5370.0,0.0,159.0,1732.0,2510.0,3206.0,3217.0,304.0,2589.0,1832.0,770368.5137857147,Alto
355030290,Jardim Capela,São Paulo,SP,101574.0,18123.0,8776.0,11974.0,8225.0,16715.0,23078.0,8854.0,5829.0,0.0,0.0,348.0,2441.0,7448.0,9087.0,3529.0,8170.0,952.0,116377.64834920627,Médio
355030182,Jardim Coimbra,São Paulo,SP,36745.0,3761.0,1984.0,3141.0,2635.0,5254.0,8386.0,4936.0,6648.0,0.0,332.0,1330.0,2361.0,3403.0,2656.0,349.0,1957.0,1989.0,859564.3701428571,Médio
355030113,Jardim Colorado,São Paulo,SP,60445.0,6429.0,3209.0,5073.0,4436.0,8446.0,13552.0,8411.0,10889.0,0.0,0.0,1828.0,3384.0,5143.0,3737.0,1289.0,4425.0,1530.0,528993.3801904762,Médio
35503047,Jardim Da Glória,São Paulo,SP,9340.0,587.0,287.0,546.0,511.0,1213.0,1923.0,1488.0,2785.0,195.0,422.0,882.0,637.0,614.0,218.0,97.0,463.0,5347.0,1029724.1235317475,Médio
35503064,Jardim Da Saúde,São Paulo,SP,20201.0,1456.0,709.0,1208.0,1145.0,2532.0,4323.0,3234.0,5594.0,626.0,746.0,1963.0,1313.0,1120.0,596.0,124.0,796.0,5532.0,1335556.3453174597,Alto
355030163,Jardim Damsceno,São Paulo,SP,96382.0,15442.0,7864.0,10732.0,8112.0,15819.0,21046.0,9318.0,8049.0,0.0,0.0,768.0,2964.0,6994.0,8334.0,2369.0,7892.0,1078.0,135573.27965873005,Médio
355030262,Jardim Das Oliveiras,São Paulo,SP,81544.0,11693.0,6057.0,9203.0,6634.0,12415.0,18266.0,8918.0,8358.0,0.0,0.0,812.0,2987.0,5973.0,6891.0,2277.0,6097.0,1147.0,263547.2180714283,Médio
355030236,Jardim Das Pedras,São Paulo,SP,51766.0,7878.0,3971.0,5692.0,4296.0,8335.0,12527.0,5109.0,3958.0,0.0,0.0,537.0,2185.0,4525.0,4041.0,1373.0,2888.0,1240.0,442684.7223253968,Médio
355030235,Jardim Do Guapira,São Paulo,SP,104091.0,13522.0,6932.0,10639.0,8089.0,16373.0,23483.0,12095.0,12958.0,35.0,415.0,2311.0,4891.0,7969.0,7727.0,2134.0,6809.0,1558.0,179120.57329365058,Alto
355030154,Jardim Domingos,São Paulo,SP,53988.0,5297.0,2509.0,3897.0,3501.0,8143.0,12363.0,7499.0,10779.0,402.0,1173.0,3783.0,3897.0,3814.0,2787.0,562.0,2574.0,3113.0,1057752.7216428563,Alto
355030140,Jardim Europa,São Paulo,SP,13371.0,981.0,470.0,745.0,588.0,1349.0,2888.0,2091.0,4259.0,2068.0,722.0,1230.0,374.0,299.0,67.0,0.0,505.0,21677.0,1308008.0368888886,Alto
355030257,Jardim Helena,São Paulo,SP,109270.0,15503.0,8006.0,11986.0,8789.0,16643.0,24380.0,11941.0,12022.0,0.0,0.0,929.0,3983.0,7080.0,8041.0,3037.0,10127.0,1056.0,118449.61864285708,Médio
355030222,Jardim João Xxiii,São Paulo,SP,44632.0,6174.0,2831.0,4344.0,3414.0,7869.0,9846.0,4810.0,5344.0,0.0,100.0,1499.0,2027.0,3174.0,3625.0,973.0,2494.0,1631.0,650739.5198015874,Médio
355030215,Jardim Jussara,São Paulo,SP,21892.0,2225.0,993.0,1638.0,1411.0,3530.0,5423.0,2847.0,3825.0,599.0,905.0,2461.0,1324.0,1167.0,829.0,23.0,718.0,5569.0,1341254.5540873008,Alto
35503075,Jardim Lusitânia,São Paulo,SP,2115.0,106.0,70.0,125.0,119.0,232.0,434.0,366.0,663.0,234.0,116.0,123.0,38.0,48.0,17.0,0.0,82.0,15113.0,1050825.7771111124,Médio
355030200,Jardim Marajoara,São Paulo,SP,41106.0,3942.0,1938.0,3065.0,2552.0,5828.0,10467.0,6186.0,7128.0,1171.0,2074.0,4800.0,1973.0,1900.0,1174.0,294.0,1539.0,5842.0,1504800.9501825403,Alto
355030216,Jardim Maria Do Carmo,São Paulo,SP,41379.0,5250.0,2316.0,3792.0,3701.0,8242.0,8735.0,4540.0,4803.0,94.0,757.0,2584.0,2124.0,2273.0,2025.0,615.0,3046.0,2558.0,951309.9129523806,Alto
355030196,Jardim Miriam,São Paulo,SP,140491.0,19639.0,9538.0,13959.0,11938.0,23786.0,30913.0,15270.0,15448.0,0.0,66.0,2364.0,6292.0,11478.0,11739.0,3683.0,9706.0,1320.0,65540.3582142856,Médio
355030283,Jardim Mitsutani,São Paulo,SP,71100.0,10342.0,4933.0,7115.0,5934.0,12443.0,16047.0,7418.0,6868.0,2.0,44.0,1209.0,3395.0,5805.0,5707.0,1548.0,4987.0,1355.0,382690.6853571427,Médio
355030155,Jardim Mutinga,São Paulo,SP,36761.0,5061.0,2415.0,3706.0,2922.0,5711.0,8491.0,4258.0,4197.0,0.0,0.0,991.0,1766.0,2619.0,2761.0,704.0,2814.0,1424.0,659962.1737301586,Baixo
355030139,Jardim Paulistano,São Paulo,SP,20559.0,1255.0,469.0,956.0,1216.0,3887.0,4408.0,3038.0,5330.0,1412.0,1281.0,3223.0,1259.0,1126.0,609.0,0.0,958.0,8746.0,1445952.5105158729,Alto
355030166,Jardim Peri,São Paulo,SP,72503.0,11237.0,5477.0,8017.0,6113.0,11853.0,15409.0,7607.0,6790.0,0.0,0.0,750.0,3201.0,6148.0,5820.0,1792.0,4527.0,1247.0,347807.76461111096,Médio
355030273,Jardim Presidente,São Paulo,SP,79313.0,10668.0,5268.0,7816.0,6449.0,12770.0,17994.0,9271.0,9077.0,0.0,146.0,2321.0,4372.0,6615.0,6236.0,1957.0,3671.0,1628.0,514914.67084127007,Alto
35503065,Jardim Providência,São Paulo,SP,22845.0,2482.0,1100.0,1719.0,1525.0,3660.0,4714.0,3120.0,4525.0,209.0,418.0,1567.0,1272.0,1433.0,1186.0,239.0,1583.0,3120.0,917964.7432222225,Médio
355030274,Jardim Represa,São Paulo,SP,22828.0,2563.0,1306.0,2020.0,1714.0,3330.0,5107.0,3015.0,3773.0,0.0,244.0,1099.0,1293.0,1838.0,1472.0,444.0,951.0,2158.0,803201.6740714288,Médio
355030260,Jardim Robru,São Paulo,SP,81240.0,11719.0,6209.0,8941.0,6699.0,12672.0,18304.0,8444.0,8252.0,0.0,0.0,831.0,3357.0,5904.0,7488.0,1853.0,5878.0,1179.0,201946.70789682484,Médio
355030258,Jardim Romano,São Paulo,SP,35132.0,5365.0,2690.0,3833.0,2917.0,5873.0,7424.0,3593.0,3437.0,0.0,0.0,370.0,1014.0,2625.0,3105.0,800.0,2915.0,1091.0,581564.9116031746,Baixo
355030277,Jardim São Luís,São Paulo,SP,78224.0,10418.0,5028.0,7417.0,6366.0,13427.0,17767.0,9080.0,8721.0,0.0,217.0,2311.0,4165.0,5867.0,5759.0,1737.0,5746.0,1559.0,391410.9803412697,Alto
35503099,Jardim São Paulo,São Paulo,SP,40848.0,2863.0,1479.0,2626.0,2438.0,5388.0,8709.0,6683.0,10662.0,1222.0,1754.0,4571.0,2724.0,2301.0,1160.0,489.0,1248.0,6510.0,1502130.8407301595,Alto
355030281,Jardim Umarizal,São Paulo,SP,51237.0,7035.0,3399.0,4973.0,3976.0,8761.0,11729.0,5927.0,5437.0,139.0,215.0,1724.0,3261.0,4142.0,3477.0,1001.0,2856.0,2166.0,739870.4297460316,Alto
35503077,Jardins,São Paulo,SP,11416.0,808.0,383.0,565.0,560.0,1499.0,2497.0,1716.0,3388.0,1202.0,588.0,1007.0,520.0,353.0,189.0,0.0,767.0,11135.0,1260232.1393888884,Médio
355030130,Joaquim Nabuco,São Paulo,SP,14218.0,1430.0,557.0,891.0,795.0,1818.0,3556.0,2088.0,3083.0,1065.0,655.0,1142.0,843.0,421.0,219.0,0.0,990.0,11335.0,1270115.1614682537,Alto
355030210,Jockey Clube,São Paulo,SP,4298.0,301.0,151.0,243.0,275.0,519.0,935.0,694.0,1180.0,531.0,140.0,181.0,72.0,98.0,73.0,31.0,189.0,19585.0,1147609.0466428576,Médio
355030199,Jurubatuba,São Paulo,SP,20549.0,1975.0,893.0,1445.0,1156.0,2933.0,5201.0,2824.0,4122.0,713.0,791.0,2318.0,1346.0,977.0,585.0,186.0,606.0,6003.0,1328302.802436507,Alto
355030269,Juscelino Kubitschek,São Paulo,SP,45549.0,6820.0,3413.0,4962.0,3684.0,7362.0,9905.0,5099.0,4304.0,0.0,0.0,444.0,1826.0,3894.0,3781.0,1178.0,3155.0,1183.0,544505.1336428574,Médio
3550306,Ladeira Da Memória,São Paulo,SP,23949.0,1421.0,644.0,1187.0,1821.0,4730.0,6048.0,3412.0,4686.0,0.0,430.0,2080.0,3334.0,2802.0,2089.0,367.0,1606.0,2360.0,895907.5936031747,Alto
355030264,Lajeado,São Paulo,SP,64327.0,9879.0,5176.0,7225.0,5280.0,10086.0,14190.0,6567.0,5924.0,0.0,0.0,560.0,2026.0,5060.0,4846.0,1397.0,5881.0,1067.0,319813.01215872995,Médio
355030144,Lapa,São Paulo,SP,20179.0,1586.0,625.0,1126.0,1150.0,2895.0,4455.0,3203.0,5139.0,721.0,879.0,2683.0,1382.0,1025.0,556.0,0.0,847.0,6897.0,1354928.0796031742,Alto
355030148,Lapa De Baixo,São Paulo,SP,8485.0,624.0,294.0,509.0,538.0,1275.0,1664.0,1277.0,2304.0,65.0,158.0,899.0,708.0,682.0,345.0,0.0,452.0,3633.0,970010.6058333337,Médio
35503019,Liberdade/São Joaquim,São Paulo,SP,17355.0,1115.0,512.0,1235.0,1693.0,3634.0,3534.0,2290.0,3342.0,183.0,388.0,1743.0,1728.0,1561.0,844.0,217.0,1536.0,3108.0,942135.2856349208,Alto
35503090,Limão,São Paulo,SP,8466.0,1168.0,573.0,842.0,738.0,1395.0,1934.0,875.0,941.0,0.0,59.0,295.0,344.0,553.0,695.0,178.0,539.0,1764.0,824296.442373016,Baixo
355030249,Limoeiro,São Paulo,SP,119634.0,16966.0,8575.0,12832.0,10067.0,19137.0,26692.0,13975.0,11390.0,0.0,38.0,1771.0,4907.0,8990.0,9868.0,3368.0,8419.0,1259.0,76822.65609523791,Médio
3550308,Luz,São Paulo,SP,17304.0,1584.0,733.0,1319.0,1347.0,2921.0,3833.0,2277.0,3290.0,0.0,191.0,1207.0,1478.0,1370.0,649.0,158.0,1179.0,2370.0,880954.2060634915,Médio
355030168,Mandaqui,São Paulo,SP,108235.0,10460.0,5343.0,8437.0,7250.0,15585.0,26002.0,15124.0,20034.0,681.0,2099.0,9111.0,7819.0,7147.0,5291.0,1331.0,5035.0,3231.0,1392928.033626984,Alto
355030192,Mar Paulista,São Paulo,SP,48982.0,6434.0,3300.0,4926.0,3813.0,7815.0,11072.0,5800.0,5822.0,0.0,198.0,1103.0,2720.0,3925.0,3734.0,1016.0,2837.0,1589.0,643378.2949206353,Médio
355030298,Marcilac,São Paulo,SP,5809.0,807.0,473.0,646.0,479.0,803.0,1200.0,718.0,683.0,0.0,0.0,17.0,135.0,331.0,502.0,181.0,582.0,883.0,822454.1408650804,Baixo
35503029,Marechal Deodoro,São Paulo,SP,43550.0,3208.0,1416.0,2520.0,2772.0,6921.0,9593.0,6242.0,10878.0,1766.0,2277.0,4815.0,3438.0,2933.0,1348.0,155.0,3066.0,5490.0,1564864.192238095,Alto
35503024,Masp,São Paulo,SP,22120.0,1038.0,416.0,1067.0,1901.0,5100.0,4968.0,2988.0,4642.0,1197.0,1417.0,3579.0,2417.0,1623.0,707.0,190.0,716.0,6997.0,1409909.7726269842,Alto
355030288,M'Boi Mirim,São Paulo,SP,88421.0,14087.0,6782.0,9823.0,7616.0,15178.0,19704.0,8372.0,6859.0,0.0,0.0,469.0,3350.0,7112.0,7840.0,3149.0,6352.0,1083.0,170711.48476984104,Médio
35503070,Mirandópolis,São Paulo,SP,29407.0,1748.0,743.0,1429.0,1717.0,4843.0,6042.0,4801.0,8084.0,1360.0,1705.0,4173.0,2351.0,1120.0,622.0,145.0,1448.0,7551.0,1523386.782277778,Alto
35503072,Moema,São Paulo,SP,60709.0,4607.0,1757.0,3051.0,3144.0,9882.0,14562.0,9801.0,13905.0,6982.0,5362.0,6631.0,2481.0,1881.0,736.0,0.0,3719.0,11332.0,2003004.783873017,Alto
35503062,Moinho Velho,São Paulo,SP,43145.0,3742.0,1772.0,2856.0,2750.0,7054.0,9581.0,6016.0,9374.0,196.0,531.0,3354.0,3523.0,2948.0,2335.0,429.0,2863.0,2921.0,995393.8225793648,Alto
35503035,Mooca,São Paulo,SP,29404.0,2458.0,1027.0,1927.0,2079.0,4938.0,6700.0,4143.0,6132.0,311.0,804.0,3176.0,2443.0,1736.0,1252.0,161.0,852.0,4111.0,1128057.44911111,Alto
355030209,Morumbi,São Paulo,SP,15104.0,1145.0,588.0,861.0,861.0,2060.0,3569.0,2318.0,3702.0,1490.0,932.0,1312.0,585.0,455.0,271.0,101.0,606.0,14504.0,1296242.3985714281,Alto
35503042,Nazaré - Alto Do Ipiranga,São Paulo,SP,35662.0,2774.0,1255.0,2231.0,2158.0,5149.0,7889.0,5366.0,8840.0,604.0,1121.0,3286.0,2711.0,2364.0,1559.0,325.0,1375.0,4675.0,1336654.2637460309,Alto
355030228,Nova Jaraguá,São Paulo,SP,48393.0,6332.0,3428.0,4766.0,4018.0,7539.0,11261.0,6062.0,4987.0,0.0,139.0,1479.0,2495.0,4003.0,3371.0,729.0,2569.0,1704.0,685921.4548333336,Médio
35503051,Oratório,São Paulo,SP,30230.0,2473.0,1181.0,1946.0,1783.0,4191.0,6687.0,4353.0,7616.0,266.0,641.0,2180.0,2189.0,1875.0,1533.0,288.0,2132.0,3694.0,1074618.2468571418,Alto
35503015,Oriente,São Paulo,SP,4654.0,544.0,267.0,405.0,443.0,899.0,1112.0,458.0,526.0,0.0,18.0,157.0,259.0,449.0,277.0,64.0,297.0,1728.0,840351.8743888898,Baixo
35503026,Pacaembu,São Paulo,SP,10016.0,626.0,288.0,557.0,661.0,1103.0,2002.0,1647.0,3132.0,1324.0,564.0,892.0,378.0,251.0,92.0,63.0,433.0,15057.0,1220485.8498968252,Médio
355030234,Palmas Do Tremembé,São Paulo,SP,32280.0,3709.0,1858.0,2743.0,2271.0,4684.0,6986.0,4379.0,5650.0,101.0,430.0,1275.0,1723.0,2353.0,2183.0,488.0,1897.0,2267.0,825682.434174603,Alto
35503080,Pamplona,São Paulo,SP,28380.0,1641.0,609.0,1244.0,1666.0,4937.0,5941.0,4201.0,8141.0,2563.0,2509.0,3895.0,1662.0,1327.0,253.0,0.0,1772.0,9843.0,1590002.28957143,Alto
355030229,Parada De Taipas,São Paulo,SP,149250.0,21575.0,10879.0,15402.0,11427.0,24493.0,34208.0,16694.0,14572.0,0.0,0.0,3013.0,6702.0,12602.0,12033.0,4037.0,8111.0,1392.0,66588.4673809523,Médio
355030173,Parada Inglesa,São Paulo,SP,39103.0,3418.0,1630.0,2592.0,2565.0,5811.0,8435.0,5833.0,8819.0,198.0,597.0,3375.0,2957.0,2547.0,2081.0,549.0,1586.0,3073.0,1047495.8841507927,Alto
355030253,Parada Quinze,São Paulo,SP,50830.0,6140.0,3190.0,4563.0,3551.0,7795.0,11743.0,6308.0,7540.0,0.0,146.0,1493.0,3708.0,4728.0,3467.0,911.0,2294.0,1765.0,715147.9601507937,Alto
35503049,Paraíso,São Paulo,SP,25642.0,1629.0,628.0,1160.0,1512.0,3847.0,5293.0,3843.0,7730.0,2655.0,2118.0,3525.0,1235.0,915.0,324.0,0.0,491.0,11686.0,1599431.902507938,Alto
355030208,Paraisópolis,São Paulo,SP,53410.0,9770.0,4320.0,6261.0,5764.0,10762.0,11383.0,3210.0,1940.0,28.0,29.0,249.0,1285.0,3954.0,6202.0,2271.0,3489.0,1049.0,420258.3983412698,Médio
355030294,Parelheiros,São Paulo,SP,87201.0,13145.0,7000.0,9758.0,6902.0,14290.0,19930.0,9004.0,7172.0,0.0,0.0,463.0,2520.0,6352.0,7318.0,2571.0,7513.0,1004.0,185504.3857777774,Médio
35503010,Pari,São Paulo,SP,14648.0,1666.0,747.0,1224.0,1206.0,2210.0,3129.0,1651.0,2815.0,0.0,88.0,798.0,907.0,1296.0,1037.0,179.0,775.0,2037.0,838713.3138492062,Médio
35503096,Parque Anhembi,São Paulo,SP,1516.0,201.0,79.0,103.0,107.0,318.0,442.0,119.0,147.0,12.0,41.0,280.0,134.0,34.0,10.0,3.0,8.0,5723.0,971465.0258174612,Médio
355030282,Parque Arariba,São Paulo,SP,63030.0,8748.0,4283.0,5693.0,4923.0,11456.0,14722.0,7081.0,6124.0,54.0,474.0,2375.0,3108.0,4482.0,4059.0,1295.0,5038.0,1809.0,506965.5921666664,Alto
35503033,Parque Belém,São Paulo,SP,9978.0,1207.0,444.0,704.0,795.0,2382.0,2455.0,899.0,1092.0,54.0,205.0,855.0,741.0,428.0,495.0,52.0,443.0,3425.0,933209.2722142857,Médio
355030247,Parque Buturussu,São Paulo,SP,48676.0,5766.0,2816.0,4303.0,3685.0,7668.0,10703.0,6427.0,7308.0,0.0,291.0,1763.0,3359.0,3527.0,3089.0,887.0,2808.0,1897.0,747532.6308412697,Alto
355030226,Parque Continental,São Paulo,SP,21925.0,1808.0,881.0,1407.0,1446.0,3607.0,4891.0,2926.0,4959.0,258.0,676.0,2275.0,1840.0,1509.0,919.0,278.0,620.0,4276.0,1079592.20713492,Alto
35503036,Parque Da Mooca,São Paulo,SP,33293.0,2774.0,1232.0,2140.0,1877.0,4358.0,7765.0,4855.0,8292.0,847.0,1556.0,3259.0,2523.0,1981.0,875.0,231.0,1459.0,5209.0,1460045.3217619054,Alto
355030186,Parque Do Carmo,São Paulo,SP,2039.0,407.0,167.0,239.0,209.0,330.0,355.0,191.0,141.0,0.0,0.0,4.0,41.0,69.0,129.0,73.0,218.0,750.0,840632.6845634938,Baixo
35503067,Parque Do Estado,São Paulo,SP,43.0,2.0,2.0,2.0,4.0,6.0,8.0,9.0,10.0,0.0,0.0,4.0,4.0,5.0,0.0,0.0,0.0,2891.0,895874.66236508,Baixo
3550301,Parque Dom Pedro,São Paulo,SP,8674.0,801.0,423.0,797.0,745.0,1607.0,2416.0,911.0,974.0,0.0,36.0,393.0,680.0,1041.0,523.0,95.0,664.0,1816.0,831233.7038888893,Baixo
355030243,Parque Ecológico Tietê,São Paulo,SP,11350.0,1812.0,897.0,1211.0,982.0,1853.0,2574.0,1045.0,976.0,0.0,1.0,99.0,409.0,740.0,1115.0,287.0,749.0,1167.0,773447.1292063496,Baixo
355030239,Parque Edu Chaves,São Paulo,SP,20577.0,2407.0,1101.0,1702.0,1445.0,3379.0,4358.0,2665.0,3520.0,0.0,191.0,896.0,1213.0,1557.0,1395.0,247.0,1100.0,2068.0,827970.4772142858,Médio
355030286,Parque Fernanda,São Paulo,SP,121226.0,18122.0,8920.0,12845.0,10239.0,21068.0,26878.0,12354.0,10800.0,0.0,27.0,1315.0,4843.0,9692.0,10526.0,3657.0,8693.0,1187.0,75298.32603968236,Médio
35503074,Parque Ibirapuera,São Paulo,SP,4617.0,253.0,136.0,237.0,256.0,623.0,1038.0,811.0,1263.0,465.0,448.0,551.0,201.0,149.0,49.0,0.0,202.0,11613.0,1079889.225793652,Médio
355030276,Parque Interlagos,São Paulo,SP,30301.0,2502.0,1262.0,2103.0,1815.0,4053.0,6615.0,4463.0,7488.0,631.0,813.0,2229.0,2202.0,1983.0,1079.0,359.0,1234.0,6905.0,1319242.0315555546,Alto
355030231,Parque Morro Doce,São Paulo,SP,55558.0,8470.0,4292.0,6119.0,4629.0,9292.0,13999.0,5322.0,3435.0,0.0,0.0,843.0,2616.0,5045.0,5118.0,1271.0,2845.0,1340.0,483633.0542698411,Médio
355030104,Parque Novo Mundo,São Paulo,SP,51027.0,8006.0,3679.0,5591.0,4296.0,8641.0,11007.0,5048.0,4759.0,0.0,107.0,831.0,1918.0,3938.0,4712.0,1517.0,2928.0,1365.0,475142.6749285715,Médio
35503093,Parque Peruche,São Paulo,SP,57407.0,6081.0,2887.0,4422.0,4078.0,8720.0,12041.0,7700.0,11478.0,0.0,748.0,2958.0,3916.0,4544.0,3041.0,717.0,3036.0,2303.0,949162.8111349207,Alto
355030115,Parque Santa Madalena,São Paulo,SP,88500.0,11542.0,5638.0,8582.0,6914.0,14118.0,19492.0,10560.0,11654.0,0.0,0.0,1639.0,4226.0,7264.0,7408.0,2421.0,5718.0,1344.0,202989.2684206345,Médio
35503057,Parque São Lucas,São Paulo,SP,73934.0,8102.0,3804.0,6241.0,5320.0,10861.0,16673.0,9795.0,13138.0,0.0,250.0,3579.0,5309.0,5803.0,5092.0,1274.0,3966.0,1969.0,696577.6548253975,Alto
355030121,Parque São Rafael,São Paulo,SP,70505.0,11796.0,5948.0,8397.0,5628.0,11018.0,16049.0,6460.0,5209.0,0.0,0.0,441.0,1881.0,4865.0,6094.0,2578.0,4978.0,1035.0,260011.62076190446,Médio
355030185,Parque Savoy,São Paulo,SP,45631.0,6070.0,2890.0,4439.0,3698.0,7614.0,10591.0,5548.0,4781.0,0.0,5.0,1481.0,2284.0,4107.0,3527.0,1166.0,1952.0,1667.0,645555.230119048,Médio
355030191,Pedreira,São Paulo,SP,89506.0,13562.0,6720.0,9649.0,7578.0,14850.0,20408.0,9274.0,7465.0,0.0,59.0,833.0,3171.0,6118.0,6392.0,2027.0,9344.0,1043.0,287308.16449206317,Médio
355030176,Penha,São Paulo,SP,36253.0,3626.0,1822.0,2885.0,2562.0,5106.0,7878.0,4813.0,7561.0,0.0,317.0,2070.0,2233.0,2652.0,2520.0,646.0,2025.0,2121.0,831708.653063492,Alto
35503081,Perdizes,São Paulo,SP,47046.0,3544.0,1505.0,2618.0,2762.0,7563.0,10640.0,7808.0,10606.0,3470.0,4317.0,5993.0,2740.0,1602.0,537.0,0.0,1393.0,8707.0,1934191.169746033,Alto
355030232,Perus,São Paulo,SP,85745.0,12486.0,6432.0,9186.0,7011.0,13271.0,19927.0,8986.0,8446.0,0.0,0.0,852.0,3295.0,6743.0,7364.0,1866.0,6114.0,1164.0,202254.26587301533,Médio
355030227,Pico Do Jaraguá,São Paulo,SP,0.0,0.0,0.0,0.0,0.0,0.0,0.0,0.0,0.0,0.0,0.0,0.0,0.0,0.0,0.0,0.0,0.0,3900.123042505593,908616.1061507941,Baixo
355030137,Pinheiros,São Paulo,SP,12382.0,787.0,340.0,588.0,796.0,2254.0,2707.0,1689.0,3221.0,600.0,646.0,1850.0,820.0,752.0,225.0,0.0,606.0,8791.0,1245929.0676190471,Alto
355030106,Piqueri/Parque São Jorge,São Paulo,SP,46254.0,4231.0,1920.0,3012.0,2722.0,7085.0,11206.0,6451.0,9627.0,834.0,1803.0,4837.0,3396.0,2832.0,1799.0,363.0,1753.0,4897.0,1472121.5958095244,Alto
355030156,Pirituba,São Paulo,SP,53776.0,5297.0,2381.0,3773.0,3406.0,8810.0,12451.0,7616.0,10042.0,84.0,869.0,4871.0,4320.0,4144.0,2719.0,885.0,1694.0,2901.0,995568.0179444444,Alto
35503069,Planalto Paulista,São Paulo,SP,23065.0,1412.0,681.0,1265.0,1176.0,2776.0,4796.0,3541.0,7418.0,815.0,1075.0,2360.0,1421.0,1255.0,483.0,219.0,1048.0,5764.0,1350400.2748809515,Alto
35503086,Pompéia,São Paulo,SP,14476.0,1355.0,430.0,698.0,766.0,2417.0,3720.0,2175.0,2915.0,755.0,1137.0,2254.0,1126.0,515.0,195.0,0.0,272.0,7356.0,1288923.5481984126,Alto
355030244,Ponte Rasa,São Paulo,SP,52043.0,5184.0,2700.0,4070.0,3662.0,7488.0,11538.0,7617.0,9784.0,0.0,302.0,2409.0,3529.0,3741.0,3826.0,825.0,2759.0,1978.0,843704.0625873018,Alto
355030202,Ponte Transamérica,São Paulo,SP,8991.0,666.0,345.0,574.0,541.0,1356.0,1995.0,1429.0,2085.0,73.0,277.0,956.0,783.0,591.0,311.0,69.0,288.0,4129.0,986738.138611112,Médio
355030214,Portal Do Morumbi,São Paulo,SP,18631.0,2562.0,1093.0,1825.0,1372.0,2785.0,4279.0,2082.0,2633.0,791.0,634.0,922.0,570.0,673.0,1339.0,513.0,944.0,6089.0,1267936.570944444,Alto
3550303,Praça João Mendes,São Paulo,SP,16475.0,1751.0,862.0,1317.0,1555.0,3289.0,4053.0,1718.0,1930.0,0.0,84.0,642.0,1157.0,1934.0,1262.0,238.0,1658.0,1668.0,796223.2146349212,Baixo
35503082,Puc,São Paulo,SP,17397.0,1003.0,516.0,1020.0,1474.0,2480.0,3199.0,2746.0,4959.0,1341.0,1459.0,2370.0,808.0,653.0,206.0,134.0,529.0,10064.0,1477313.4695555565,Alto
35503032,Quarta Parada,São Paulo,SP,7515.0,537.0,269.0,471.0,491.0,1126.0,1454.0,1084.0,2083.0,46.0,148.0,604.0,664.0,499.0,409.0,39.0,338.0,3270.0,939182.8645,Médio
355030220,Raposo Tavares,São Paulo,SP,20082.0,2855.0,1234.0,1810.0,1514.0,3646.0,4579.0,2398.0,2046.0,0.0,0.0,668.0,1305.0,1701.0,1597.0,374.0,1136.0,1631.0,759696.454119048,Médio
355030211,Real Parque,São Paulo,SP,22088.0,2818.0,1312.0,1929.0,1433.0,3153.0,5371.0,2752.0,3320.0,1899.0,700.0,959.0,406.0,583.0,987.0,302.0,1813.0,12706.0,1338149.1009920628,Alto
3550304,República,São Paulo,SP,14861.0,812.0,340.0,668.0,1090.0,2799.0,3776.0,2191.0,3185.0,141.0,366.0,1818.0,1857.0,1919.0,790.0,224.0,1012.0,3516.0,953651.4480079367,Alto
355030167,Reserva Da Cantareira,São Paulo,SP,0.0,0.0,0.0,0.0,0.0,0.0,0.0,0.0,0.0,0.0,0.0,0.0,0.0,0.0,0.0,0.0,0.0,3900.123042505593,908616.1061507941,Baixo
355030119,Rio Claro,São Paulo,SP,20046.0,2538.0,1325.0,1892.0,1513.0,3069.0,4620.0,2377.0,2712.0,0.0,0.0,742.0,942.0,1384.0,1302.0,316.0,1858.0,1506.0,771538.0359603177,Baixo
355030223,Rio Pequeno,São Paulo,SP,79567.0,9128.0,4319.0,6593.0,6203.0,13671.0,17844.0,9772.0,12037.0,295.0,1388.0,5231.0,4089.0,5611.0,5024.0,1336.0,4096.0,2690.0,768997.8260952388,Alto
355030252,Rio Verde,São Paulo,SP,38519.0,4869.0,2373.0,3445.0,2918.0,6147.0,8834.0,4658.0,5275.0,0.0,81.0,1232.0,1982.0,3004.0,2546.0,712.0,3079.0,1531.0,724378.9650476195,Baixo
355030289,Riviera,São Paulo,SP,42731.0,6549.0,3209.0,4633.0,3661.0,7485.0,9201.0,4360.0,3633.0,0.0,0.0,373.0,1472.0,3507.0,3905.0,1266.0,3124.0,1131.0,471595.5321269841,Baixo
355030122,Rodolfo Pirani,São Paulo,SP,83526.0,11626.0,5690.0,8248.0,6413.0,13039.0,19157.0,9169.0,10184.0,0.0,153.0,1352.0,4341.0,6792.0,5990.0,1831.0,5442.0,1397.0,306350.9284761902,Médio
35503059,Sacomã,São Paulo,SP,131007.0,15491.0,7279.0,11248.0,9278.0,20806.0,31195.0,16974.0,18736.0,0.0,1290.0,7360.0,8744.0,9817.0,7580.0,2429.0,7780.0,2191.0,270007.39950793696,Alto
35503028,Santa Cecília/Campos Elísios,São Paulo,SP,41173.0,2742.0,1202.0,2415.0,3288.0,7739.0,9669.0,5903.0,8215.0,320.0,933.0,3673.0,4456.0,4200.0,2766.0,663.0,2950.0,3300.0,1032042.9466825392,Alto
35503050,Santa Clara,São Paulo,SP,34523.0,2932.0,1422.0,2438.0,2091.0,4621.0,7502.0,5157.0,8360.0,63.0,497.0,2272.0,2186.0,2721.0,1741.0,563.0,2145.0,2419.0,919202.7820555557,Alto
35503045,Santa Cruz,São Paulo,SP,13912.0,1039.0,405.0,830.0,851.0,2404.0,3035.0,2200.0,3148.0,764.0,883.0,1539.0,847.0,717.0,229.0,95.0,456.0,8738.0,1256232.5158333331,Alto
3550305,Santa Efigênia,São Paulo,SP,22144.0,2141.0,800.0,1653.0,2176.0,4435.0,5191.0,2682.0,3066.0,36.0,105.0,1021.0,1690.0,2833.0,1918.0,344.0,1554.0,1978.0,795092.9727301587,Médio
355030184,Santa Marcelina,São Paulo,SP,35027.0,4478.0,2252.0,3438.0,2620.0,5583.0,7953.0,4446.0,4257.0,0.0,0.0,1253.0,2460.0,2445.0,2437.0,637.0,1893.0,1765.0,736823.6205793655,Médio
35503089,Santa Marina,São Paulo,SP,2281.0,369.0,166.0,263.0,157.0,363.0,452.0,238.0,273.0,2.0,11.0,63.0,80.0,122.0,215.0,35.0,167.0,1600.0,847222.3488809537,Baixo
35503094,Santana,São Paulo,SP,6562.0,412.0,192.0,369.0,420.0,953.0,1319.0,994.0,1903.0,100.0,222.0,785.0,609.0,422.0,217.0,63.0,175.0,5656.0,1010932.4820634937,Médio
355030201,Santo Amaro,São Paulo,SP,17072.0,1703.0,691.0,1052.0,929.0,2274.0,4349.0,2368.0,3706.0,992.0,992.0,1551.0,1097.0,963.0,483.0,14.0,478.0,7740.0,1302790.8598571424,Alto
35503060,São João Climaco,São Paulo,SP,42020.0,4296.0,2035.0,3191.0,2913.0,6572.0,9460.0,5786.0,7767.0,3.0,350.0,2745.0,3433.0,3915.0,2613.0,555.0,1202.0,2389.0,874067.4405079369,Alto
35503056,São Lucas,São Paulo,SP,31381.0,2805.0,1383.0,2160.0,2095.0,4516.0,6729.0,4613.0,7080.0,0.0,347.0,1747.0,2444.0,2437.0,1837.0,350.0,1921.0,2222.0,891682.0777063494,Alto
355030117,São Mateus,São Paulo,SP,71515.0,8970.0,4589.0,6909.0,5760.0,10942.0,15545.0,8943.0,9857.0,0.0,113.0,1507.0,3866.0,5266.0,4784.0,1667.0,5806.0,1398.0,397912.4213174602,Médio
355030254,São Miguel Paulista,São Paulo,SP,26511.0,3087.0,1506.0,2373.0,2069.0,3701.0,5902.0,3428.0,4445.0,0.0,99.0,833.0,1486.0,2014.0,2011.0,621.0,1576.0,1648.0,755648.0194603177,Médio
35503068,Saúde,São Paulo,SP,55175.0,4337.0,1880.0,3240.0,3476.0,9359.0,12625.0,8531.0,11727.0,1437.0,2836.0,7562.0,3610.0,2325.0,1796.0,374.0,2248.0,5330.0,1548358.9386825406,Alto
355030193,Sete Praias,São Paulo,SP,15860.0,2222.0,1062.0,1614.0,1257.0,2645.0,3675.0,1847.0,1538.0,0.0,66.0,364.0,833.0,1287.0,1333.0,292.0,770.0,1607.0,767427.4630079367,Baixo
35503084,Sumaré,São Paulo,SP,17017.0,1072.0,423.0,869.0,921.0,2910.0,3687.0,2671.0,4464.0,1066.0,1209.0,2172.0,1257.0,822.0,195.0,0.0,567.0,8140.0,1351999.1976746034,Alto
355030105,Tatuapé,São Paulo,SP,51812.0,3616.0,1925.0,3425.0,3131.0,6445.0,11980.0,8329.0,12961.0,1837.0,2371.0,5354.0,3042.0,3111.0,1699.0,443.0,2221.0,6994.0,1583710.362944444,Alto
355030114,Teotônio Vilela,São Paulo,SP,89182.0,11994.0,6009.0,8706.0,7208.0,14427.0,19355.0,10894.0,10589.0,0.0,0.0,1045.0,4390.0,8909.0,7381.0,2348.0,4310.0,1360.0,217527.76300793607,Médio
35503098,Tietê,São Paulo,SP,36762.0,3224.0,1659.0,2582.0,2403.0,5169.0,8349.0,5637.0,7739.0,689.0,1306.0,3173.0,1964.0,2242.0,1535.0,588.0,1406.0,4331.0,1281346.1766587293,Alto
355030177,Tiquatira,São Paulo,SP,43746.0,3945.0,1861.0,2930.0,2760.0,6262.0,9984.0,6316.0,9688.0,0.0,503.0,3444.0,3694.0,3753.0,2228.0,490.0,1767.0,2598.0,942845.7071428571,Alto
355030233,Tremembé,São Paulo,SP,22181.0,1934.0,1052.0,1662.0,1392.0,2853.0,4875.0,3374.0,5039.0,195.0,646.0,1505.0,1618.0,1557.0,954.0,261.0,864.0,3478.0,1050081.954261904,Alto
35503079,Trianon,São Paulo,SP,32963.0,2003.0,816.0,1594.0,1807.0,4677.0,6989.0,5150.0,9927.0,4040.0,2191.0,4120.0,1717.0,905.0,472.0,0.0,2315.0,12550.0,1763212.7171904785,Alto
355030171,Tucuruvi,São Paulo,SP,17667.0,1191.0,656.0,1163.0,1121.0,2256.0,3608.0,2913.0,4759.0,178.0,594.0,1965.0,1563.0,1015.0,469.0,87.0,477.0,4198.0,1090766.0199285706,Alto
35503030,Várzea Da Barra Funda,São Paulo,SP,4830.0,570.0,240.0,351.0,291.0,750.0,1208.0,575.0,845.0,40.0,104.0,275.0,344.0,332.0,185.0,59.0,299.0,2949.0,905466.9821428577,Baixo
355030131,Viera De Morais,São Paulo,SP,24098.0,2013.0,802.0,1235.0,1293.0,3461.0,5150.0,3667.0,6477.0,2419.0,1581.0,2443.0,1190.0,758.0,447.0,78.0,1038.0,13650.0,1584502.931634922,Alto
35503054,Vila Alpina,São Paulo,SP,68323.0,6376.0,3058.0,4974.0,4674.0,10393.0,15163.0,9811.0,13874.0,0.0,1032.0,3884.0,5221.0,5620.0,4458.0,1035.0,3331.0,2332.0,962088.381873016,Alto
355030147,Vila Anastácio,São Paulo,SP,3409.0,223.0,105.0,190.0,207.0,575.0,661.0,475.0,973.0,46.0,104.0,325.0,228.0,236.0,144.0,1.0,196.0,4330.0,965368.4243492074,Baixo
355030206,Vila Andrade,São Paulo,SP,47060.0,6539.0,2805.0,3728.0,3041.0,7518.0,12669.0,5653.0,5107.0,3524.0,2101.0,2966.0,1261.0,1700.0,1646.0,588.0,2691.0,9020.0,1716481.418412701,Alto
35503085,Vila Anglo Brasileira,São Paulo,SP,13812.0,1178.0,457.0,813.0,975.0,2511.0,2846.0,1929.0,3103.0,189.0,522.0,1470.0,1340.0,1103.0,518.0,0.0,414.0,4222.0,1050556.0496269842,Alto
355030143,Vila Beatriz,São Paulo,SP,19645.0,1274.0,574.0,1101.0,1138.0,2693.0,4176.0,3163.0,5526.0,1488.0,1371.0,2264.0,1009.0,676.0,384.0,0.0,711.0,9406.0,1455114.3530555554,Alto
355030108,Vila Califórnia,São Paulo,SP,44677.0,3980.0,1999.0,3221.0,2722.0,6240.0,10335.0,6196.0,9984.0,570.0,1040.0,3660.0,3828.0,2948.0,1974.0,478.0,1380.0,4013.0,1215164.6253571424,Alto
35503039,Vila Carioca,São Paulo,SP,27747.0,3857.0,1937.0,2979.0,2471.0,4699.0,6487.0,2657.0,2660.0,14.0,46.0,368.0,1181.0,2331.0,2743.0,627.0,1877.0,1337.0,638981.6516746033,Baixo
355030187,Vila Carmosina,São Paulo,SP,44909.0,5764.0,2716.0,4089.0,3426.0,7359.0,10166.0,5396.0,5993.0,0.0,128.0,1615.0,2760.0,3322.0,3348.0,479.0,2935.0,1712.0,710381.8201746036,Alto
355030107,Vila Carrão,São Paulo,SP,44410.0,3797.0,1942.0,3161.0,2842.0,5933.0,9615.0,6597.0,10523.0,236.0,523.0,2894.0,3051.0,3779.0,2362.0,507.0,1994.0,2822.0,978991.1778968251,Alto
35503044,Vila Clementino,São Paulo,SP,9849.0,586.0,237.0,446.0,733.0,2120.0,1971.0,1533.0,2223.0,801.0,785.0,1226.0,697.0,429.0,127.0,63.0,300.0,10438.0,1239601.941230159,Médio
355030135,Vila Cordeiro,São Paulo,SP,10376.0,674.0,304.0,598.0,644.0,1454.0,2195.0,1705.0,2802.0,346.0,517.0,1166.0,708.0,691.0,205.0,0.0,527.0,6544.0,1078664.0152539688,Médio
355030259,Vila Curuçá,São Paulo,SP,78207.0,10213.0,5356.0,8032.0,5721.0,11660.0,17523.0,8963.0,10739.0,0.0,0.0,1520.0,3945.0,5904.0,6049.0,1760.0,5584.0,1360.0,362291.16082539666,Médio
35503058,Vila Ema,São Paulo,SP,46957.0,4849.0,2161.0,3370.0,3018.0,6942.0,10996.0,6358.0,9263.0,0.0,396.0,3470.0,3566.0,3992.0,2431.0,691.0,1801.0,2458.0,888308.6475555557,Alto
355030178,Vila Esperança,São Paulo,SP,56733.0,5402.0,2625.0,4337.0,3759.0,8069.0,12592.0,7964.0,11985.0,0.0,572.0,2866.0,4228.0,4606.0,3032.0,820.0,3778.0,2134.0,901615.9736904764,Alto
355030109,Vila Formosa,São Paulo,SP,67582.0,6706.0,3447.0,5255.0,4607.0,9533.0,14637.0,9655.0,13742.0,27.0,340.0,2772.0,4659.0,5362.0,4068.0,938.0,4933.0,1854.0,657968.9980873019,Alto
355030100,Vila Guilherme,São Paulo,SP,9294.0,1010.0,490.0,698.0,707.0,1630.0,1900.0,1154.0,1705.0,0.0,56.0,378.0,740.0,747.0,651.0,142.0,452.0,2012.0,848742.3867063492,Baixo
355030180,Vila Guilhermina,São Paulo,SP,42875.0,4347.0,2152.0,3222.0,2952.0,6418.0,9556.0,5978.0,8250.0,0.0,269.0,2452.0,3354.0,3312.0,2775.0,462.0,2002.0,2203.0,864388.4865873024,Alto
35503063,Vila Gumercindo,São Paulo,SP,25187.0,2114.0,840.0,1538.0,1470.0,3993.0,5993.0,3967.0,5272.0,821.0,1217.0,3552.0,1808.0,840.0,726.0,235.0,474.0,5824.0,1398903.2192460317,Alto
355030172,Vila Gustavo,São Paulo,SP,48292.0,4078.0,1930.0,3412.0,3209.0,6894.0,10232.0,7404.0,11133.0,63.0,648.0,4103.0,4014.0,3362.0,2397.0,578.0,2062.0,2774.0,1016678.1010238093,Alto
355030150,Vila Hamburguesa,São Paulo,SP,17440.0,1422.0,677.0,1095.0,970.0,2440.0,4329.0,2710.0,3797.0,849.0,1179.0,1928.0,1081.0,639.0,387.0,97.0,496.0,7583.0,1370652.9653412695,Alto
35503040,Vila Independência,São Paulo,SP,8965.0,1028.0,432.0,698.0,656.0,1683.0,1896.0,1028.0,1544.0,24.0,164.0,624.0,738.0,735.0,500.0,171.0,367.0,2833.0,890920.2143888883,Baixo
355030145,Vila Ipojuca,São Paulo,SP,22698.0,1840.0,753.0,1154.0,1192.0,3302.0,5353.0,3347.0,5757.0,891.0,1393.0,2678.0,1508.0,1223.0,814.0,120.0,520.0,7124.0,1423993.7651428573,Alto
355030101,Vila Isolina Mazzei,São Paulo,SP,48825.0,4612.0,2157.0,3409.0,3127.0,7249.0,10680.0,6904.0,10687.0,0.0,1208.0,3809.0,3958.0,3516.0,2242.0,624.0,1918.0,2927.0,1054307.639150793,Alto
355030248,Vila Jacuí,São Paulo,SP,32640.0,4136.0,2035.0,2992.0,2463.0,4974.0,7496.0,3864.0,4680.0,0.0,80.0,992.0,1673.0,2662.0,2375.0,720.0,2102.0,1614.0,708412.2477301591,Médio
355030153,Vila Jaguará,São Paulo,SP,26631.0,2512.0,1224.0,1889.0,1769.0,3941.0,5758.0,3881.0,5657.0,0.0,297.0,1796.0,2070.0,2151.0,1528.0,393.0,901.0,2502.0,901364.105047619,Médio
355030149,Vila Leopoldina,São Paulo,SP,12913.0,1486.0,520.0,749.0,597.0,2154.0,3904.0,1559.0,1944.0,1066.0,1096.0,1342.0,616.0,424.0,184.0,79.0,403.0,9781.0,1281300.9295476188,Médio
355030138,Vila Madalena,São Paulo,SP,23612.0,1631.0,639.0,1110.0,1305.0,4230.0,5397.0,3631.0,5669.0,1540.0,1537.0,2979.0,1366.0,831.0,637.0,0.0,1666.0,8747.0,1541460.4308571436,Alto
355030102,Vila Maria,São Paulo,SP,16754.0,1519.0,680.0,1164.0,1254.0,2350.0,3622.0,2373.0,3792.0,0.0,234.0,923.0,952.0,1299.0,1088.0,209.0,1217.0,2117.0,840401.0055952381,Médio
355030103,Vila Maria Alta,São Paulo,SP,53516.0,5096.0,2595.0,4169.0,4000.0,8348.0,11308.0,7096.0,10904.0,0.0,354.0,2703.0,3106.0,4398.0,3662.0,589.0,3871.0,1948.0,845795.4569444443,Alto
35503043,Vila Mariana,São Paulo,SP,38935.0,2280.0,1010.0,2133.0,2642.0,6248.0,7695.0,6237.0,10690.0,2664.0,2573.0,5159.0,2544.0,1956.0,822.0,0.0,1362.0,10575.0,1650375.3451428583,Alto
355030179,Vila Matilde,São Paulo,SP,69391.0,6957.0,3404.0,5572.0,4628.0,9741.0,15428.0,9723.0,13938.0,0.0,981.0,4507.0,5353.0,4915.0,3687.0,1173.0,3324.0,2481.0,995725.5845317465,Alto
355030174,Vila Medeiros,São Paulo,SP,67396.0,6602.0,3255.0,5302.0,4725.0,9604.0,14060.0,9696.0,14152.0,0.0,422.0,3648.0,4542.0,5509.0,4365.0,1035.0,3301.0,2099.0,848825.8109682542,Alto
355030195,Vila Missionária,São Paulo,SP,84503.0,12213.0,5847.0,8955.0,7047.0,14260.0,18715.0,8865.0,8601.0,0.0,0.0,638.0,3075.0,6855.0,7277.0,2403.0,6727.0,1095.0,188803.44058730124,Médio
35503041,Vila Monumento,São Paulo,SP,20177.0,1646.0,760.0,1284.0,1149.0,2844.0,4496.0,3070.0,4928.0,335.0,1012.0,2121.0,1555.0,1276.0,622.0,240.0,515.0,5249.0,1191110.266317459,Alto
355030159,Vila Morro Grande,São Paulo,SP,56774.0,6132.0,3224.0,4686.0,3933.0,8527.0,12905.0,7918.0,9449.0,31.0,281.0,2667.0,4099.0,4680.0,3892.0,916.0,2465.0,2083.0,808449.0991269838,Alto
35503073,Vila Nova Conceição,São Paulo,SP,10691.0,843.0,303.0,504.0,513.0,1532.0,2502.0,1663.0,2831.0,1432.0,804.0,870.0,376.0,268.0,116.0,0.0,733.0,13633.0,1265527.7733412692,Médio
355030133,Vila Olímpia,São Paulo,SP,22235.0,1269.0,452.0,1085.0,1482.0,4735.0,5122.0,3165.0,4925.0,1235.0,1787.0,3805.0,1724.0,949.0,469.0,0.0,986.0,7754.0,1502295.5681587313,Alto
355030256,Vila Progresso,São Paulo,SP,39512.0,5032.0,2643.0,3897.0,3082.0,6000.0,8876.0,4549.0,5433.0,0.0,0.0,698.0,2087.0,3151.0,3532.0,566.0,2602.0,1364.0,637764.1693730159,Baixo
35503053,Vila Prudente,São Paulo,SP,37320.0,3122.0,1500.0,2346.0,2195.0,5162.0,8384.0,5628.0,8983.0,519.0,1249.0,3099.0,2715.0,2490.0,1701.0,408.0,1574.0,4497.0,1332276.9088492054,Alto
355030112,Vila Rica,São Paulo,SP,46505.0,5184.0,2585.0,3866.0,3383.0,6693.0,10448.0,6235.0,8111.0,74.0,105.0,1665.0,2533.0,3175.0,3363.0,614.0,3879.0,1947.0,795266.2503412695,Alto
355030198,Vila Sabará,São Paulo,SP,10891.0,1049.0,479.0,777.0,632.0,1806.0,2658.0,1462.0,2028.0,41.0,163.0,950.0,1000.0,914.0,438.0,107.0,350.0,3095.0,922797.4234841266,Médio
355030126,Vila Santa Catarina,São Paulo,SP,64419.0,7477.0,3491.0,5257.0,4307.0,10517.0,15425.0,8230.0,9715.0,1067.0,1855.0,4814.0,3376.0,4136.0,3585.0,1159.0,3116.0,4148.0,1322144.3629920646,Alto
355030242,Vila Silvia,São Paulo,SP,84428.0,10015.0,5178.0,7933.0,6524.0,13030.0,19267.0,10854.0,11627.0,0.0,0.0,2614.0,5168.0,6331.0,6080.0,1582.0,5390.0,1591.0,414498.1259285712,Médio
355030275,Vila Socorro,São Paulo,SP,10117.0,986.0,422.0,669.0,661.0,1680.0,2384.0,1391.0,1924.0,126.0,204.0,806.0,918.0,744.0,533.0,102.0,350.0,4993.0,1010811.2104444456,Médio
355030213,Vila Sônia,São Paulo,SP,34061.0,2908.0,1462.0,2253.0,2076.0,4579.0,7557.0,5227.0,7999.0,942.0,1089.0,2866.0,2219.0,2216.0,1227.0,306.0,1098.0,5285.0,1347569.0851825387,Alto
355030207,Vila Suzana,São Paulo,SP,35403.0,4127.0,1890.0,2678.0,2433.0,5855.0,9107.0,4608.0,4705.0,1726.0,1522.0,2458.0,1186.0,1166.0,918.0,209.0,3840.0,7418.0,1513409.747031747,Alto
355030162,Vila Terezinha,São Paulo,SP,122359.0,18304.0,9304.0,13258.0,9965.0,19248.0,26592.0,12579.0,13109.0,0.0,0.0,1758.0,4517.0,9450.0,11473.0,3218.0,7540.0,1252.0,73980.11582539664,Médio
355030157,Vila Zatt,São Paulo,SP,125864.0,14670.0,7305.0,11225.0,9338.0,18841.0,28500.0,16700.0,19285.0,8.0,872.0,5093.0,8063.0,10012.0,8082.0,2856.0,6853.0,1936.0,110951.18191269814,Alto
355030164,Vista Alegre,São Paulo,SP,106.0,23.0,7.0,15.0,11.0,15.0,26.0,4.0,5.0,0.0,0.0,0.0,6.0,9.0,8.0,2.0,4.0,1288.0,856964.1764047636,Baixo
